week_number,exit_date,deployed,pnl_gross,pnl_allatonce,pnl_twap,exec_cost_allatonce,exec_cost_twap,pnl_gross_long,pnl_gross_short,ret_gross,equity_gross,ret_allatonce,equity_allatonce,ret_twap,equity_twap,ret_gross_long,ret_gross_short,drawdown_gross,drawdown_allatonce,drawdown_twap
6,2024-10-11,9999529.961152209,141205.12183915422,133192.5864541794,29901.136905660474,8012.535384974823,111303.98493349375,196309.85166953824,-55104.72983038401,0.014120512183915423,10141205.121839155,0.01331925864541794,10133192.58645418,0.0029901136905660475,10029901.13690566,0.019630985166953826,-0.0055104729830384004,0.0,0.0,0.0
7,2024-10-18,9999534.939380065,-33633.81788776645,-42261.119141963696,52783.362538074136,8627.301254197244,-86417.18042584059,-9137.649292409013,-24496.168595357438,-0.0033633817887766446,10107096.377216112,-0.00422611191419637,10090368.580535717,0.005278336253807413,10082842.327698693,-0.0009137649292409013,-0.0024496168595357437,-0.0033633817887767092,-0.004226111914196529,0.0
8,2024-10-25,9999045.189638313,-115969.65647592212,-123609.60796096256,-84959.49606558049,7639.9514850404385,-31010.160410341632,-16092.718177357234,-99876.93829856488,-0.011596965647592212,9989884.727732632,-0.012360960796096256,9965641.930093555,-0.00849594960655805,9997179.007391695,-0.0016092718177357233,-0.009987693829856488,-0.014921342413304783,-0.016534833906601376,-0.008495949606557973
9,2024-11-01,9999220.857751906,-2874.8049335910327,-10951.086889037437,10728.014866675445,8076.281955446391,-13602.819800266492,-148133.86830335046,145259.06336975942,-0.00028748049335910325,9987012.830742503,-0.0010951086889037437,9954728.469025405,0.0010728014866675446,10007903.995893305,-0.014813386830335047,0.014525906336975942,-0.015204533311785395,-0.017611835155224465,-0.007432262587259153
10,2024-11-08,9998941.038502607,243648.53162084921,234868.68638078505,171241.179615771,8779.845240064195,72407.35200507822,359710.5727996603,-116062.0411788111,0.02436485316208492,10230344.931891402,0.023486868638078504,10188533.868905146,0.0171241179615771,10179280.524467122,0.03597105727996603,-0.01160620411788111,0.0,0.0,0.0
11,2024-11-15,9999434.690055462,46321.52535823327,37243.64644166732,57336.60697365621,9077.878916565962,-11015.08161542294,-305543.8064925958,351865.3318508291,0.004632152535823327,10277733.450110009,0.003724364644166732,10226479.68422239,0.005733660697365622,10237645.06513772,-0.030554380649259583,0.03518653318508291,0.0,0.0,0.0
12,2024-11-22,9999393.673116863,-61904.823807429784,-71334.28327766477,-78466.31639928378,9429.459470234991,16561.492591854,94370.31681876827,-156275.1406261981,-0.006190482380742979,10214109.32227313,-0.007133428327766477,10153529.824349632,-0.007846631639928377,10157314.035451252,0.009437031681876828,-0.015627514062619807,-0.006190482380743045,-0.007133428327766311,-0.007846631639928492
13,2024-11-29,9999247.993529532,-38370.34425687785,-48768.16668920311,16597.66254718397,10397.822432325269,-54968.006804061806,-80781.04909931308,42410.70484243524,-0.003837034425687785,10174917.43317583,-0.0048768166689203115,10104012.920853864,0.0016597662547183968,10174172.802525872,-0.008078104909931308,0.004241070484243524,-0.010003763712424174,-0.011975456574511267,-0.006199888959619204
14,2024-12-06,9998910.46593401,-44174.21137585163,-52747.12369875301,-53529.07122329347,8572.912322901386,9354.859847441847,10838.844011847279,-55013.05538769891,-0.004417421137585162,10129970.537833335,-0.0052747123698753005,10050717.158914857,-0.005352907122329347,10119711.400467422,0.0010838844011847278,-0.00550130553876989,-0.014376994012730737,-0.017187001855458073,-0.011519608652178936
15,2024-12-13,9999490.504976228,313241.82666489424,303925.12432463915,329494.9810279324,9316.702340255055,-16253.154363038142,336859.7522540159,-23617.925589121667,0.031324182666489425,10447283.585366582,0.030392512432463915,10356183.705122355,0.03294949810279324,10453150.812057937,0.033685975225401586,-0.0023617925589121667,0.0,0.0,0.0
16,2024-12-20,9999041.634572662,-46968.71442832351,-55083.733173329536,-45477.04443746944,8115.018745006029,-1491.6699908540613,-209147.22924139875,162178.51481307522,-0.004696871442832351,10398214.037439302,-0.005508373317332954,10299137.979131661,-0.004547704443746944,10405612.971658785,-0.020914722924139876,0.016217851481307523,-0.004696871442832484,-0.005508373317332893,-0.004547704443746858
17,2024-12-27,9998731.15123753,23633.748212608712,15525.33676390164,-1446.244324273899,8108.411448707067,25079.992536882604,130740.31071936595,-107106.56250675724,0.002363374821260871,10422788.914681466,0.001552533676390164,10315127.737682052,-0.00014462443242738992,10404108.0657887,0.013074031071936595,-0.010710656250675724,-0.0023445970892783663,-0.003964391576020021,-0.0046916711670002
18,2025-01-03,9999191.206867615,89413.72396047693,80677.32249185379,36911.96085266551,8736.401468623135,52501.76310781142,146036.52321108096,-56622.79925060403,0.008941372396047692,10515982.95177303,0.008067732249185378,10398347.426385816,0.0036911960852665507,10442511.66875183,0.014603652321108097,-0.005662279925060403,0.0,0.0,-0.001017792959978503
19,2025-01-10,9999251.93954624,-12024.330636269166,-20082.126864119688,14462.919714094347,8057.796227850518,-26487.25035036352,-215675.9001564482,203651.569520179,-0.0012024330636269166,10503338.186175281,-0.0020082126864119686,10377465.33316643,0.0014462919714094346,10457614.589539694,-0.02156759001564482,0.0203651569520179,-0.0012024330636269953,-0.0020082126864119365,0.0
20,2025-01-17,9999049.57916225,157129.6432641825,147880.1712431119,101763.94724806046,9249.472021070607,55365.696016122034,420202.4325369593,-263072.7892727768,0.01571296432641825,10668376.76440296,0.014788017124311189,10530927.46822024,0.010176394724806047,10564035.40348274,0.04202024325369593,-0.02630727892727768,0.0,0.0,0.0
21,2025-01-24,9999351.200591147,36130.28635922369,27409.715318931943,-13174.285802418635,8720.57104029174,49304.572161642325,-12474.225891901617,48604.51225112531,0.003613028635922369,10706921.915151557,0.0027409715318931945,10559792.440615062,-0.0013174285802418635,10550118.041319504,-0.0012474225891901617,0.004860451225112531,0.0,0.0,-0.001317428580241975
22,2025-01-31,9998929.168104205,169642.4037717302,161553.5751363557,158532.89049344033,8088.828635374494,11109.513278289853,18100.072580009088,151542.3311917211,0.01696424037717302,10888556.71221981,0.01615535751363557,10730389.662762983,0.015853289049344032,10717372.112133244,0.0018100072580009088,0.015154233119172111,0.0,0.0,0.0
23,2025-02-07,9999509.505647428,-74427.19354968931,-84040.26084141491,-20654.00707393531,9613.067291725602,-53773.186475753995,132881.88757070655,-207309.08112039586,-0.007442719354968931,10807516.240430094,-0.00840402608414149,10640211.18814412,-0.002065400707393531,10695236.444191443,0.013288188757070654,-0.020730908112039585,-0.007442719354968985,-0.008404026084141591,-0.002065400707393694
24,2025-02-14,9999591.667478874,-346950.33804217755,-359804.4425482677,-267056.5544809701,12854.10450609012,-79893.78356120751,-126175.68785345196,-220774.65018872562,-0.034695033804217755,10432549.09912874,-0.03598044425482677,10257371.662629515,-0.02670565544809701,10409613.144776937,-0.012617568785345196,-0.02207746501887256,-0.04187952775957082,-0.04408208974693184,-0.02871589827583676
25,2025-02-21,9999068.84912678,49188.97294561581,37974.20982328076,-53386.69325020327,11214.763122335049,102575.6661958191,-23380.355397482002,72569.32834309782,0.004918897294561581,10483865.736667825,0.0037974209823280762,10296323.221004725,-0.005338669325020327,10354039.662395587,-0.0023380355397482,0.007256932834309782,-0.03716663156080324,-0.040452067017153426,-0.03390126291559148
26,2025-02-28,9999547.133021204,11369.571464190172,-1397.3220086589135,-2430.928978152304,12766.893472849077,13800.500442342469,-386793.074307064,398162.6457712542,0.0011369571464190172,10495785.442739228,-0.00013973220086589135,10294884.493100228,-0.0002430928978152304,10351522.66888996,-0.0386793074307064,0.03981626457712542,-0.03607193128174557,-0.04058614676166539,-0.03413611465716504
27,2025-03-07,9999478.412530571,-20513.114057226427,-32894.717669727615,13765.030264409312,12381.60361250118,-34278.14432163575,-230192.42976728754,209679.3157100611,-0.0020513114057226427,10474255.318348518,-0.0032894717669727618,10261019.761215929,0.001376503026440931,10365771.57117196,-0.023019242976728756,0.020967931571006113,-0.038049247923403695,-0.043742111544735396,-0.03280660009586056
28,2025-03-14,9999373.45270707,-38962.10237712829,-51499.00209183131,46632.229548236995,12536.899714702984,-85594.33192536532,5423.421298995614,-44385.52367612391,-0.0038962102377128292,10433445.41754475,-0.005149900209183131,10208176.53340121,0.004663222954823699,10414109.47510711,0.0005423421298995614,-0.00443855236761239,-0.04179721029182004,-0.04866674424452422,-0.028296361631673483
29,2025-03-21,9999525.52743378,-223312.32500213635,-236181.41667893654,-219647.67211341538,12869.091676800195,-3664.6528887209656,-145947.4698447432,-77364.85515739315,-0.022331232500213634,10200453.722147271,-0.023618141667893656,9967078.373864472,-0.021964767211341538,10185365.984772956,-0.01459474698447432,-0.0077364855157393145,-0.06319505957114657,-0.0711354678523356,-0.049639605846847346
30,2025-03-28,9999118.36344154,67308.06362863597,56332.369685968246,93891.79674129351,10975.693942667713,-26583.73311265756,-362971.5290644719,430279.59269310784,0.006730806362863597,10269111.000964396,0.005633236968596825,10023225.288229028,0.00938917967412935,10280998.216050757,-0.03629715290644719,0.043027959269310787,-0.056889606917346014,-0.06590295383102296,-0.04071650135096683
31,2025-04-04,9999615.494510848,148060.09370402945,137638.3718471422,103724.44243253084,10421.721856887278,44335.6512714986,-663989.022388654,812049.1160926834,0.014806009370402945,10421155.554670382,0.01376383718471422,10161183.329161923,0.010372444243253084,10387637.296811728,-0.0663989022388654,0.08120491160926833,-0.04292590560003984,-0.05304619417283063,-0.030766386747757002
32,2025-04-11,9999079.972302457,237292.63109881227,223654.5981554823,180552.31695731374,13638.032943329952,56740.31414149852,765387.9441309201,-528095.3130321078,0.023729263109881226,10668441.896736158,0.02236545981554823,10388442.866588712,0.018055231695731373,10575188.494976884,0.07653879441309201,-0.052809531303210776,-0.020215242598371708,-0.03186713688142273,-0.013266649293196875
33,2025-04-17,9999377.366394691,-105733.75008597218,-126985.14033352646,-107999.31285628166,21251.390247554267,2265.562770309487,-361893.86545316153,256160.1153671894,-0.010573375008597218,10555640.459804537,-0.012698514033352646,10256525.079062652,-0.010799931285628166,10460977.185898568,-0.03618938654531615,0.02561601153671894,-0.030574874266086516,-0.04416098562988391,-0.023923301678067888
34,2025-04-25,9999227.670851031,-269422.1201426066,-288618.12029338634,-121788.99782701486,19196.00015077975,-147633.12231559173,561529.2159343031,-830951.3360769097,-0.026942212014260662,10271248.156590177,-0.028861812029338633,9960503.180156548,-0.012178899782701485,10333573.993122382,0.05615292159343031,-0.08309513360769097,-0.056693331535560776,-0.07174823159294252,-0.035810841967161
35,2025-05-02,9999502.557813263,2730.7864910255084,-14886.593518263711,-15078.192420205443,17617.380009289212,17808.97891123096,164610.38646507903,-161879.59997405353,0.00027307864910255085,10274053.015161375,-0.0014886593518263712,9945675.38394851,-0.0015078192420205443,10317992.83141671,0.016461038646507904,-0.016187959997405355,-0.05643573462484719,-0.07313008226883111,-0.03726466493259051
36,2025-05-09,9999667.655608254,-26791.183434991115,-47540.739376680016,28197.522065749887,20749.55594168893,-54988.70550074098,254047.1098248437,-280838.29325983475,-0.0026791183434991114,10246527.611266375,-0.0047540739376680016,9898392.907813175,0.0028197522065749885,10347087.01447052,0.025404710982484372,-0.028083829325983474,-0.058963654956483924,-0.07753649038832544,-0.0345499898471866
37,2025-05-16,9999195.044735296,-23733.547213965336,-33960.01028215131,17094.947082240767,10226.463068185978,-40828.4942962061,138842.1575566344,-162575.70477059972,-0.0023733547213965335,10222208.966582255,-0.003396001028215131,9864777.955320563,0.0017094947082240768,10364775.304967292,0.01388421575566344,-0.016257570477059974,-0.06119706800899871,-0.08066917741545765,-0.03289955816377543
38,2025-05-23,9999024.115720995,3399.8126898316714,-5519.373849404868,-3873.9159098571995,8919.18653923654,7273.728599688871,-128975.58640251377,132375.39909234544,0.0003399812689831671,10225684.326158525,-0.0005519373849404869,9859333.215572884,-0.00038739159098571995,10360760.078171689,-0.012897558640251378,0.013237539909234545,-0.060877892596855276,-0.08117659046557024,-0.03327420474258158
39,2025-05-30,9999383.901707439,178552.744841439,170048.22772298503,126498.44927428642,8504.517118453989,52054.295567152585,46018.19948104703,132534.545360392,0.0178552744841439,10408266.726590294,0.017004822772298502,10026989.429556739,0.012649844927428643,10491822.086490855,0.0046018199481047024,0.013253454536039199,-0.0441096095950444,-0.06555216122739804,-0.021045273345229987
40,2025-06-06,9999216.077770257,-136556.24179570354,-145608.99036105827,-113309.83946369604,9052.748565354726,-23246.402332007507,398063.34554424434,-534619.5873399479,-0.013655624179570353,10266135.34781125,-0.014560899036105827,9880987.448836863,-0.011330983946369604,10372939.41886066,0.039806334554424436,-0.05346195873399479,-0.057162889523277305,-0.0791585618622731,-0.032137793637177836
41,2025-06-13,9998964.384599341,48695.65298990467,38464.29308548921,63257.76656120966,10231.359904415458,-14562.113571304988,56073.53014559949,-7377.877155694823,0.004869565298990467,10316126.964255692,0.003846429308548921,9918993.968557473,0.006325776656120966,10438556.316891845,0.005607353014559949,-0.0007377877155694823,-0.05257168264749923,-0.0756166103660938,-0.026015313485826308
42,2025-06-20,9999132.524528507,27613.567715697558,17809.58031217688,31095.747370752717,9803.987403520672,-3482.1796550551608,41825.48146774809,-14211.913752050532,0.002761356771569756,10344613.471304813,0.001780958031217688,9936659.280527374,0.003109574737075272,10471015.78790639,0.004182548146774809,-0.0014211913752050533,-0.049955495047800946,-0.07397032234440126,-0.022986635310343617
43,2025-06-27,9999330.561774263,-78996.89606267068,-87889.14366364243,-81557.87891984465,8892.247600971732,2560.982857173949,194054.5141006371,-273051.4101633078,-0.007899689606267067,10262894.235784696,-0.008788914366364243,9849326.83302308,-0.008155787891984465,10385616.404126605,0.019405451410063713,-0.02730514101633078,-0.05746055174906295,-0.08210911788202813,-0.03095494908038654
44,2025-07-03,9998374.171511129,-144576.16087737976,-152297.907012363,-60982.45448968159,7721.746134983205,-83593.70638769818,-7339.0681183873385,-137237.09275899245,-0.014457616087737976,10114517.250974663,-0.0152297907012363,9699323.64680807,-0.006098245448968159,10322282.36615541,-0.0007339068118387338,-0.013723709275899245,-0.07108742523942335,-0.09608840390325801,-0.036864423652002265
45,2025-07-11,9998129.03930168,167907.4548206179,162219.4843625963,104929.12998906533,5687.970458021583,62978.32483155256,111929.71532019829,55977.7395004196,0.01679074548206179,10284347.5358097,0.01622194843625963,9856665.574873183,0.010492912998906534,10430593.176973626,0.011192971532019829,0.00559777395004196,-0.05549029062153199,-0.08142519660043956,-0.026758325843231012
46,2025-07-18,9998907.866444666,248878.24882261112,242318.97384987384,75948.2895498483,6559.27497273728,172929.95927276282,119020.94460408036,129857.30421853077,0.02488782488226111,10540302.576309243,0.024231897384987384,10095511.283641648,0.00759482895498483,10509811.748051772,0.011902094460408037,0.012985730421853078,-0.031983498374925534,-0.05916638622402637,-0.01936672179614729
47,2025-07-25,9998940.769867212,68667.7015487991,63231.57886464696,86370.46325302625,5436.122684152144,-17702.76170422715,34209.57101581228,34458.13053298682,0.0068667701548799105,10612680.411463648,0.006323157886464696,10159346.795432698,0.008637046325302624,10600585.478989905,0.0034209571015812283,0.0034458130532986817,-0.025336351552135206,-0.053217346739227955,-0.010896946744167302
48,2025-08-01,9998882.70318818,238105.03131650927,230337.8242183642,99330.71496842781,7767.207098145081,138774.31634808145,-42479.30173135318,280584.33304786246,0.023810503131650926,10865373.671636013,0.02303378242183642,10393354.979066676,0.00993307149684278,10705881.852461107,-0.004247930173135318,0.028058433304786246,-0.0021291196984609684,-0.03140936110325032,-0.001072115398431328
49,2025-08-08,9999261.704544464,-235773.73745862825,-244937.73060455077,-121751.06121747242,9163.993145922532,-114022.67624115583,-25002.98444072422,-210770.75301790403,-0.023577373745862825,10609196.695691394,-0.02449377306045508,10138782.500872664,-0.012175106121747242,10575536.604780506,-0.002500298444072422,-0.021077075301790402,-0.025656294393443524,-0.05513380040086868,-0.013234168401427882
50,2025-08-15,9999590.813646153,-349112.36018937686,-358780.8316029122,-249970.26821918524,9668.471413535366,-99142.09197019163,41889.636080854514,-391001.9962702314,-0.03491123601893768,10238816.52587678,-0.03587808316029122,9775022.419162251,-0.024997026821918525,10311179.632614627,0.004188963608085451,-0.03910019962702314,-0.05967183746344018,-0.08903378848543442,-0.03790038036084997
51,2025-08-22,9998813.576747904,-268104.7662965127,-279017.4311483658,-195534.0532188008,10912.664851853116,-72570.71307771184,-51786.9325962745,-216317.83370023814,-0.02681047662965127,9964308.974694472,-0.027901743114836577,9502282.254681015,-0.01955340532188008,10109560.957911398,-0.00517869325962745,-0.021631783370023815,-0.0848824836893296,-0.11445133370540994,-0.05671270418368102
52,2025-08-29,9998885.51232765,106931.1409301639,97254.39613412163,129214.54149764185,9676.744796042269,-22283.400567477947,-93607.25168442339,200538.3926145873,0.010693114093016392,10070858.467418948,0.009725439613412164,9594696.126938513,0.012921454149764186,10240191.186303297,-0.009360725168442338,0.02005383926145873,-0.0750970276789017,-0.10583898362662436,-0.04452406064073544
53,2025-09-05,9999343.969712825,-11857.58154758031,-20370.935701069997,30471.483060917162,8513.354153489681,-42329.06460849748,99022.2853324739,-110879.86688005421,-0.001185758154758031,10058916.864865793,-0.0020370935701069996,9575150.833151197,0.003047148306091716,10271394.567530695,0.00990222853324739,-0.011087986688005421,-0.07619373892069137,-0.10766047328371875,-0.0416125837506055
54,2025-09-12,9999115.492637718,-32542.83944639421,-39539.25624498,-11490.544440923695,6996.416798585806,-21052.29500547052,215746.23409965995,-248289.07354605413,-0.003254283944639421,10026182.293211997,-0.003953925624498001,9537291.398913566,-0.0011490544440923695,10259592.175955847,0.021574623409965996,-0.024828907354605412,-0.0792000668040792,-0.1111887174041547,-0.04271382307040916
55,2025-09-19,9998819.592304569,-75984.05655703202,-82733.7247706628,-57660.87103234237,6749.668213630779,-18323.18552468962,211009.0990616312,-286993.1556186632,-0.007598405655703202,9949999.292970141,-0.00827337247706628,9458385.834748033,-0.005766087103234238,10200434.473825626,0.021100909906163118,-0.028699315561866317,-0.08619667822424637,-0.11854218420688922,-0.04823361854930719
56,2025-09-26,9998867.772556003,116772.72030138003,110794.25372958316,120218.47038444575,5978.46657179689,-3445.750083065722,158540.80276634954,-41768.0824649695,0.011677272030138004,10066188.141413834,0.011079425372958316,9563179.31475277,0.012021847038444576,10323062.536795635,0.015854080276634954,-0.00417680824649695,-0.07552594825382719,-0.10877613811739861,-0.03679162869517305
57,2025-10-03,9998751.769868242,461220.01973258273,455846.4699280545,257672.98988560526,5373.549804528252,203547.0298469775,462496.6232994801,-1276.6035668973454,0.046122001973258275,10530460.890735311,0.04558464699280545,9999113.467944674,0.025767298988560526,10589059.975658856,0.04624966232994801,-0.00012766035668973453,-0.03288735421496414,-0.06815001298191548,-0.011972350603477122
58,2025-10-10,9998916.802403623,48392.104591692005,43035.782292891294,62385.7777048388,5356.322298800722,-13993.673113146804,-305946.0429939477,354338.1475856397,0.0048392104591692,10581420.00721763,0.004303578229289129,10042145.434977513,0.00623857777048388,10655120.649833323,-0.03059460429939477,0.03543381475856397,-0.028207292584286336,-0.06413972366482101,-0.005808463273328512
59,2025-10-17,9999156.006729614,-27702.762905313975,-35295.87490929177,9735.49869982735,7593.112003977798,-37438.261605141335,138939.1353279524,-166641.89823326634,-0.0027702762905313975,10552106.55025148,-0.0035295874909291773,10006700.804068126,0.000973549869982735,10665493.941156618,0.01389391353279524,-0.016664189823326635,-0.030899426880951486,-0.06744292438943111,-0.004840568232010289
60,2025-10-24,9998744.214401936,104682.66133995385,96253.31596814748,191658.0416303812,8429.345371806377,-86975.38029042733,111163.44505332886,-6480.783713375011,0.010468266133995385,10662568.80989379,0.009625331596814748,10103018.617497392,0.01916580416303812,10869906.709334895,0.011116344505332887,-0.0006480783713375011,-0.020754624170933655,-0.05846675330372375,0.0
61,2025-10-31,9999285.834200565,21252.335671591267,9444.520713692305,-3792.080334250326,11807.814957898961,25044.41600584161,-86655.40987087076,107907.74554246201,0.0021252335671591268,10685229.25904072,0.0009444520713692305,10112560.434357772,-0.0003792080334250326,10865784.753388135,-0.008665540987087076,0.0107907745542462,-0.018673499027736407,-0.05757752027861829,-0.00037920803342506026
62,2025-11-07,9998294.711488735,-20767.56761589148,-31751.747572988985,26243.656344564228,10984.1799570975,-47011.22396045571,-231148.40056248358,210380.83294659213,-0.002076756761589148,10663038.636927877,-0.0031751747572988983,10080451.287734939,0.0026243656344564228,10894300.54548633,-0.023114840056248358,0.021038083294659213,-0.02071147547395724,-0.060569876346940665,0.0
63,2025-11-14,9999253.768399484,-10226.56898090196,-21285.018568627398,31965.52729599425,11058.449587725445,-42192.0962768962,-216532.99861000804,206306.4296291061,-0.001022656898090196,10652134.00691122,-0.0021285018568627397,10058995.02845098,0.003196552729599425,10929124.75163208,-0.021653299861000803,0.02063064296291061,-0.021712951638784395,-0.06256945510952894,0.0
64,2025-11-21,9999388.461228708,-319657.453433553,-329621.6690344195,-294405.6616754414,9964.215600866533,-25251.79175811157,-445384.0556759338,125726.60224238077,-0.0319657453433553,10311630.603883002,-0.032962166903441954,9727428.755442286,-0.029440566167544143,10607365.131228313,-0.04453840556759338,0.012572660224238077,-0.052984626299401705,-0.09346919719059332,-0.02944056616754398
65,2025-11-28,9998788.187526152,221733.02124554376,213832.58611855382,62193.243264867895,7900.435126989936,159539.7779806759,435026.84302813746,-213293.82178259373,0.022173302124554376,10540273.504659703,0.02138325861185538,9935432.880148308,0.00621932432648679,10673335.775228888,0.043502684302813746,-0.021329382178259373,-0.03198616830174028,-0.07408461459450666,-0.023404342270408662
66,2025-12-05,9998808.997655798,-182228.873160847,-189720.52122310508,-60699.340649782716,7491.648062258104,-121529.53251106423,244385.21077850633,-426614.0839393533,-0.0182228873160847,10348199.288303576,-0.01897205212231051,9746937.329688417,-0.006069934064978272,10608549.330819875,0.024438521077850633,-0.04266140839393533,-0.049626175277189044,-0.09165112954726895,-0.029332213520971262
67,2025-12-12,9998813.646583697,73999.75575558869,65857.81898123851,117232.14006861806,8141.936774350172,-43232.38431302937,-59178.021780478564,133177.77753606724,0.007399975575558869,10424775.710288038,0.006585781898123851,9811128.533116428,0.011723214006861805,10732915.624927426,-0.005917802178047857,0.013317777753606723,-0.04259343218658984,-0.08566894199905994,-0.017952867330510935
68,2025-12-19,9999034.15664255,-163298.09876768032,-172014.3384823263,-165446.35594949345,8716.239714645999,2148.2571818131437,-117447.12782337081,-45850.970944309505,-0.01632980987676803,10254541.104931084,-0.017201433848232632,9642363.054677518,-0.016544635594949345,10555343.447041662,-0.011744712782337081,-0.004585097094430951,-0.05822769941375194,-0.10139674720864766,-0.03420047927759262
69,2025-12-26,9999166.043147812,-59425.808092848296,-66370.57499440022,-66537.17265166095,6944.766901551924,7111.3645588126565,-18656.451989425033,-40769.35610342327,-0.0059425808092848295,10193602.665752899,-0.0066370574994400215,9578366.136653148,-0.006653717265166095,10485111.176108323,-0.0018656451989425033,-0.004076935610342327,-0.06382425741393172,-0.10736082866660768,-0.04062663622331242
70,2026-01-02,9999431.69516207,12867.32716003267,4660.718686599146,30797.42915110018,8206.608473433504,-17930.10199106752,213318.44038576854,-200451.1132257359,0.001286732716003267,10206719.107796863,0.0004660718686599146,9582830.343657168,0.003079742915110018,10517402.622967083,0.021331844038576853,-0.02004511132257359,-0.06261964945801746,-0.10694479465998519,-0.03767201290327593
71,2026-01-09,9999223.737942504,344887.3764741025,338685.88280754985,138630.96320862262,6201.493666552651,206256.41326547987,304576.10066457244,40311.27580953002,0.03448873764741025,10558735.965346478,0.03386858828075499,9907387.279130818,0.013863096320862262,10663206.388574567,0.030457610066457246,0.0040311275809530025,-0.030290584472337567,-0.07669827559833908,-0.024331167325892467
72,2026-01-16,9997961.20596091,240797.82767529078,233392.74967132256,193077.50073692523,7405.07800396825,47720.326938365564,283327.0586866272,-42529.23101133635,0.02407978276752908,10812988.033691715,0.023339274967132256,10138618.51504432,0.019307750073692523,10869088.912509365,0.028332705868662718,-0.004252923101133635,-0.006940192398804057,-0.05514908277490138,-0.0054931973499294795
73,2026-01-23,9997895.02216627,174837.78312578812,167479.79256196524,101087.381746444,7357.990563822892,73750.40137934413,159175.21451563237,15662.568610155773,0.017483778312578812,11002039.91936935,0.016747979256196525,10308419.88762077,0.0101087381746444,10978961.686522853,0.015917521451563235,0.0015662568610155772,0.0,-0.03932473921301749,0.0
74,2026-01-30,9998915.991720704,216789.4974146736,210293.56425175825,-16073.345221303378,6495.93316291534,232862.84263597697,192345.00291946396,24444.494495209634,0.02167894974146736,11240552.589834973,0.021029356425175824,10525199.323617918,-0.0016073345221303379,10961314.822386958,0.019234500291946396,0.0024444494495209634,0.0,-0.019122356745079228,-0.0016073345221303548
75,2026-02-06,9998731.954175722,-585.6805406008734,-7291.430453975419,-61523.80683097967,6705.749913374537,60938.1262903788,73575.06486305999,-74160.74540366087,-5.8568054060087345e-05,11239894.252543226,-0.000729143045397542,10517524.947729679,-0.006152380683097967,10893876.64081235,0.007357506486305999,-0.007416074540366087,-5.856805406012633e-05,-0.01983755685704458,-0.007749826271363003
76,2026-02-13,9997883.7402058,-87649.25140907645,-93503.55797311185,61574.824408815795,5854.306564035402,-149224.07581789227,5211.070190638937,-92860.32159971539,-0.008764925140907645,11141377.420827966,-0.009350355797311185,10419182.347361311,0.006157482440881579,10960955.494941283,0.0005211070190638937,-0.009286032159971539,-0.008822979850358292,-0.02900242443959289,-0.0016400632496671452
77,2026-02-20,9998494.506193073,30390.2969206127,21812.281597747766,22062.193747574158,8578.01532286494,8328.103173038551,69702.56659599324,-39312.269675380536,0.0030390296920612702,11175236.397620326,0.0021812281597747766,10441908.961299205,0.002206219374757416,10985137.767320074,0.006970256659599324,-0.0039312269675380535,-0.0058107634560344845,-0.026884457184707333,0.0
78,2026-02-27,9999250.52555223,-78326.25893012635,-86116.94734797225,-37526.254258940404,7790.688417845892,-40800.00467118595,-9095.792528805883,-69230.46640132046,-0.007832625893012635,11087704.951651787,-0.008611694734797224,10351986.428875953,-0.0037526254258940404,10943914.66002748,-0.0009095792528805883,-0.006923046640132046,-0.013597875812743299,-0.03526463118111911,-0.0037526254258940517
79,2026-03-06,9998967.364630474,-258860.73852836026,-266797.3148264037,-131144.90621070008,7936.576298043422,-127715.83231766018,-365410.6968087566,106549.95828039636,-0.025886073852836027,10800687.802414872,-0.02667973148264037,10075798.210641604,-0.013114490621070007,10800390.79386076,-0.036541069680875664,0.010654995828039636,-0.039131954048049145,-0.061003511773013,-0.016817902276011765
80,2026-03-13,9999091.638275562,-65.813174091556,-9235.829189518561,-59673.25560697685,9170.016015426996,59607.44243288528,120220.70674168025,-120286.5199157718,-6.581317409155599e-06,10800616.719660208,-0.0009235829189518561,10066492.375519449,-0.005967325560697684,10735941.345811032,0.012022070674168025,-0.01202865199157718,-0.039138277825647716,-0.06187075289049526,-0.02268486993858032
81,2026-03-20,9998797.09493598,-12410.563401175825,-20329.284842038884,-14581.023891313916,7918.721440863068,2170.4604901380917,-92647.06196047859,80236.49855930277,-0.0012410563401175825,10787212.545803092,-0.002032928484203888,10046027.916433234,-0.0014581023891313916,10720287.24408513,-0.00926470619604786,0.008023649855930277,-0.04033076135792857,-0.063777902558809,-0.02410989546465725
82,2026-03-27,9998813.295321133,-50700.603467416724,-57568.08419994829,-15545.822025994916,6867.4807325315305,-35154.781441421816,-212017.74961667188,161317.14614925516,-0.005070060346741672,10732520.727222743,-0.005756808419994828,9988194.858336408,-0.0015545822025994915,10703621.67632872,-0.021201774961667186,0.016131714614925515,-0.04519634231075553,-0.06916755381234374,-0.02562699685286074
83,2026-04-02,9998840.221013485,296855.7753130208,288787.324900716,213677.65882404346,8068.450412304827,83178.1164889774,413424.44560298475,-116568.67028996389,0.02968557753130208,11051121.80337702,0.028878732490071602,10276641.265709015,0.021367765882404348,10932334.158402342,0.04134244456029847,-0.01165686702899639,-0.016852444303250724,-0.04228629260581129,-0.004806822639477404
84,2026-04-10,9998547.208260322,410975.23828287644,404056.4800863985,289544.9361502296,6918.758196477951,121430.30213264684,858585.4949421545,-447610.2566592781,0.041097523828287644,11505295.545020616,0.04040564800863985,10691875.615402315,0.02895449361502296,11248874.3579891,0.08585854949421545,-0.04476102566592781,0.0,-0.0035892496517923034,0.0
85,2026-04-17,9998791.611379983,63558.39792593177,56554.0177928553,104698.96725758981,7004.380133076476,-41140.56933165803,428255.2281576177,-364696.8302316859,0.006355839792593177,11578421.360271202,0.00565540177928553,10752342.467781562,0.010469896725758982,11366648.910798285,0.04282552281576177,-0.03646968302316859,0.0,0.0,0.0
86,2026-04-24,9997983.213589085,521057.6011740504,512828.37422376877,355944.1333597675,8229.226950281654,165113.46781428292,891305.473899981,-370247.8727259306,0.052105760117405045,12181723.806207733,0.051282837422376874,11303753.098466523,0.03559441333597675,11771238.11037417,0.0891305473899981,-0.037024787272593056,0.0,0.0,0.0
87,2026-05-01,9996638.03397629,199615.90022492385,192042.34116834443,170474.61653489326,7573.559056579466,29141.283690030636,282284.3969724311,-82668.49674750723,0.019961590022492384,12424890.382594487,0.019204234116834442,11520833.019368365,0.017047461653489325,11971907.840674864,0.02822843969724311,-0.008266849674750724,0.0,0.0,0.0
88,2026-05-08,9998348.28761512,142264.33069142987,136320.44000714907,166541.51215942897,5943.890684280825,-24277.181467999075,585391.2165721819,-443126.88588075206,0.014226433069142987,12601652.254013907,0.013632044000714907,11677885.522013284,0.016654151215942898,12171289.804196797,0.05853912165721819,-0.0443126885880752,0.0,0.0,0.0
89,2026-05-15,9998688.711944437,-263206.7900790366,-268867.0092240904,-183678.72705908061,5660.2191450538,-79528.063019956,-364696.35689247405,101489.56681343746,-0.02632067900790366,12269968.210066779,-0.026886700922409038,11363905.706576783,-0.01836787270590806,11947729.102406595,-0.0364696356892474,0.010148956681343746,-0.026320679007903913,-0.026886700922408968,-0.018367872705908006
90,2026-05-22,9997384.479859741,201836.03970317397,194957.96304600456,145108.8203593148,6878.076657169431,56727.21934385917,355054.3033134401,-153218.26361026615,0.020183603970317397,12517620.389147151,0.019495796304600455,11585454.097456891,0.01451088203593148,12121101.19000888,0.03550543033134401,-0.015321826361026615,-0.0066683211989118085,-0.007915082262294537,-0.004123524704063075
91,2026-05-29,9996691.30414962,183245.06736564258,177218.22503892396,92825.4909360459,6026.842326718608,90419.57642959667,223649.79361057485,-40404.72624493228,0.01832450673656426,12746999.608293831,0.017721822503892395,11790769.458599016,0.00928254909360459,12233615.906873686,0.022364979361057486,-0.004040472624493228,0.0,0.0,0.0
92,2026-06-05,9998690.59564142,231439.54417870578,225357.06458939984,-126148.48788697243,6082.479589305944,357588.0320656783,71370.8162333649,160068.72794534088,0.023143954417870576,13042015.5861928,0.022535706458939986,12056482.77804304,-0.012614848788697243,12079290.692069475,0.007137081623336489,0.01600687279453409,0.0,0.0,-0.01261484878869712
93,2026-06-12,9997614.875429627,-38720.710633207265,-46557.370253736284,-7804.640286744991,7836.659620528999,-30916.070346462293,56873.90116337663,-95594.6117965839,-0.0038720710633207266,12991515.975034123,-0.004655737025373629,12000350.964777524,-0.0007804640286744991,12069863.240192413,0.005687390116337663,-0.009559461179658389,-0.003872071063320881,-0.004655737025373696,-0.013385467381664795
94,2026-06-18,9998500.652396383,111869.0707364585,105357.41469030858,60265.06731033596,6511.656046149934,51604.00342612255,160053.9800898375,-48184.909353379015,0.01118690707364585,13136850.856992615,0.010535741469030857,12126783.560080055,0.006026506731033596,12142602.352252088,0.016005398008983752,-0.004818490935337902,0.0,0.0,-0.00743962825990474
95,2026-06-26,9997556.628752591,268255.05773574545,259718.94382306671,240437.98694959623,8536.113912678702,27817.070786149183,-313472.4992153932,581727.5569511387,0.026825505773574544,13489253.525503457,0.02597189438230667,12441739.101899546,0.024043798694959623,12434556.638842579,-0.03134724992153932,0.05817275569511387,0.0,0.0,0.0
96,2026-07-02,9997563.30111117,-222307.8992451037,-233487.8709691863,-410665.9792850861,11179.971724082594,188358.0800399824,-426542.3345416925,204234.43529658884,-0.022230789924510372,13189376.76413953,-0.02334878709691863,12151239.584493885,-0.04106659792850861,11923911.700935964,-0.04265423345416925,0.020423443529658886,-0.02223078992451033,-0.023348787096918677,-0.04106659792850864
97,2026-07-10,9998269.657089073,-405914.065364678,-416564.56849298056,-101467.44294551724,10650.50312830255,-304446.6224191608,-263087.4965513542,-142826.5688133238,-0.0405914065364678,12654001.4099437,-0.04165645684929806,11645061.997076932,-0.010146744294551724,11802922.817915753,-0.026308749655135417,-0.01428265688133238,-0.06191981742952546,-0.06403261620403056,-0.05079664995483257
98,2026-07-17,9998804.684920903,-85760.85636102998,-95441.96077799232,-171761.48311293594,9681.104416962351,86000.62675190598,-397880.70755731856,312119.8511962886,-0.008576085636102997,12545479.610212656,-0.009544196077799232,11533919.242038704,-0.017176148311293594,11600194.06508848,-0.039788070755731854,0.03121198511962886,-0.06996487340878088,-0.07296567243740382,-0.06710030747278506
99,2026-07-24,9997617.470259216,70890.8858504033,64317.718508319485,137017.55694560686,6573.167342083811,-66126.67109520358,-19774.20123913557,90665.08708953887,0.00708908858504033,12634415.62651127,0.0064317718508319485,11608102.779149419,0.013701755694560686,11759137.090177815,-0.001977420123913557,0.009066508708953886,-0.06337177200917654,-0.06700319914463171,-0.054317943798246504
100,2026-07-31,9997303.811453547,149033.72434357196,140701.75682591315,128841.43987030556,8331.967517658817,20192.28447326641,-132383.85419341532,281417.5785369873,0.014903372434357196,12822711.028083632,0.014070175682591316,11771430.824593628,0.012884143987030557,11910643.505610898,-0.013238385419341532,0.02814175785369873,-0.04941285269489715,-0.05387577024530099,-0.04213364002019193
101,2026-08-07,9998899.234984921,-202932.60901831006,-212358.71597246086,9181.879963606098,9426.106954150853,-212114.48898191616,467961.82224963553,-670894.4312679456,-0.020293260901831006,12562496.407721944,-0.021235871597246086,11521454.231086692,0.0009181879963606098,11921579.71550668,0.04679618222496355,-0.06708944312679456,-0.06870336568508695,-0.07396754290341523,-0.041254138626340864
102,2026-08-14,9998758.962164998,-130980.47509000704,-140737.39013326855,-102542.08666477088,9756.915043261515,-28438.388425236168,-113004.18266253684,-17976.292427470195,-0.013098047509000704,12397952.232941952,-0.014073739013326855,11359304.291184386,-0.010254208666477088,11799333.349469833,-0.011300418266253684,-0.0017976292427470196,-0.0809015332463161,-0.08700028202246246,-0.05108531874698774
103,2026-08-21,9998666.37877003,199773.25607029255,190077.68214975,81766.2423892151,9695.573920542542,118007.01368107746,-204692.7076339719,404465.9637042645,0.019977325607029254,12645630.16155983,0.019007768214975,11575219.31423459,0.00817662423892151,11895812.064538222,-0.02046927076339719,0.04044659637042645,-0.06254040391105631,-0.06964619500280789,-0.043326399963586004
104,2026-08-28,9998320.27154541,12145.98449707032,4360.063794389671,-10292.807158490385,7785.920702680647,22438.791655560704,-27565.568527221803,39711.55302429212,0.001214598449707032,12660989.524349626,0.0004360063794389671,11580266.183699002,-0.0010292807158490385,11883567.934580827,-0.0027565568527221805,0.003971155302429212,-0.061401766938983915,-0.06924055480869373,-0.044311085651465465
105,2026-09-02,9998029.467300415,122832.63519287072,116880.95699733151,106688.48754957982,5951.678195539199,16144.147643290897,-11268.364624023823,134100.99981689453,0.01228326351928707,12816507.795092147,0.01168809569973315,11715617.44308246,0.010668848754957981,12010351.923544139,-0.0011268364624023822,0.013410099981689454,-0.04987271750355815,-0.058361749339867264,-0.0341149851674909
