week_number,signal_date,ticker,side,rank,momentum_score
6,2024-10-04,AVGO,long,1,0.2935839582275199
6,2024-10-04,AMD,long,2,0.27205051084856136
6,2024-10-04,NVDA,long,3,0.21492437995486902
6,2024-10-04,INTC,long,4,0.19587087784486745
6,2024-10-04,MU,long,5,0.18372305485644724
6,2024-10-04,SWKS,short,1,-0.019840200247775663
6,2024-10-04,STM,short,2,0.005356815480564547
6,2024-10-04,TXN,short,3,0.02663962808006004
6,2024-10-04,NXPI,short,4,0.037818115332934665
6,2024-10-04,MCHP,short,5,0.04845471205108254
7,2024-10-11,INTC,long,1,0.19837231173954661
7,2024-10-11,MU,long,2,0.17343120852958105
7,2024-10-11,NVDA,long,3,0.13182226465259284
7,2024-10-11,TSM,long,4,0.1061449802028529
7,2024-10-11,AMD,long,5,0.10229139308508661
7,2024-10-11,SWKS,short,1,-0.05045374908011979
7,2024-10-11,STM,short,2,-0.019573638470796406
7,2024-10-11,ON,short,3,-0.019380916982572383
7,2024-10-11,MRVL,short,4,-0.005487921937104123
7,2024-10-11,MCHP,short,5,0.0046379725449137155
8,2024-10-18,MU,long,1,0.22414907387528116
8,2024-10-18,NVDA,long,2,0.1896552916673886
8,2024-10-18,TSM,long,3,0.15337784975028468
8,2024-10-18,MRVL,long,4,0.08184760885326692
8,2024-10-18,AVGO,long,5,0.05137334956890793
8,2024-10-18,KLAC,short,1,-0.10585773563238798
8,2024-10-18,ASML,short,2,-0.090559353986438
8,2024-10-18,LRCX,short,3,-0.05792892837757124
8,2024-10-18,AMAT,short,4,-0.030183237680390884
8,2024-10-18,TXN,short,5,-0.023758061836062105
9,2024-10-25,NVDA,long,1,0.1658978772751798
9,2024-10-25,MRVL,long,2,0.15054988182008944
9,2024-10-25,TSM,long,3,0.14311410582894002
9,2024-10-25,MU,long,4,0.0049442308189482365
9,2024-10-25,AVGO,long,5,0.0017950597364764231
9,2024-10-25,ASML,short,1,-0.15428852412400829
9,2024-10-25,KLAC,short,2,-0.13973669797792498
9,2024-10-25,AMAT,short,3,-0.08979119977685368
9,2024-10-25,STM,short,4,-0.0704875676247112
9,2024-10-25,LRCX,short,5,-0.06083767321726419
10,2024-11-01,MRVL,long,1,0.15570322049685603
10,2024-11-01,NVDA,long,2,0.08389378521576596
10,2024-11-01,TSM,long,3,0.06508065294983778
10,2024-11-01,INTC,long,4,0.0270031255525105
10,2024-11-01,NXPI,long,5,0.018570606787931654
10,2024-11-01,MPWR,short,1,-0.1883691242880433
10,2024-11-01,ASML,short,2,-0.18811996182941948
10,2024-11-01,AMD,short,3,-0.16992389890734927
10,2024-11-01,KLAC,short,4,-0.14987476609315942
10,2024-11-01,AMAT,short,5,-0.09204314970957816
11,2024-11-08,MRVL,long,1,0.26739627591296355
11,2024-11-08,INTC,long,2,0.11205438696267267
11,2024-11-08,NVDA,long,3,0.09517767303155655
11,2024-11-08,TXN,long,4,0.08107999322341164
11,2024-11-08,TSM,long,5,0.0544520580690544
11,2024-11-08,ASML,short,1,-0.20181769596111854
11,2024-11-08,MPWR,short,2,-0.18878594123421866
11,2024-11-08,KLAC,short,3,-0.14472531844640413
11,2024-11-08,AMD,short,4,-0.11876825608372532
11,2024-11-08,SWKS,short,5,-0.08365871880322495
12,2024-11-15,MRVL,long,1,0.09993748424027893
12,2024-11-15,INTC,long,2,0.06938954290478883
12,2024-11-15,NVDA,long,3,0.028840428183873
12,2024-11-15,TXN,long,4,0.02002368612255956
12,2024-11-15,LRCX,long,5,-0.03830307160941604
12,2024-11-15,MPWR,short,1,-0.3742373362613677
12,2024-11-15,MCHP,short,2,-0.18722526821241914
12,2024-11-15,SWKS,short,3,-0.151303089743978
12,2024-11-15,AMD,short,4,-0.1350901273277798
12,2024-11-15,MU,short,5,-0.1332435438542674
13,2024-11-22,MRVL,long,1,0.13356220057790336
13,2024-11-22,INTC,long,2,0.08024689904474469
13,2024-11-22,NVDA,long,3,0.002896724869659195
13,2024-11-22,ON,long,4,-0.022877154433936453
13,2024-11-22,TXN,long,5,-0.03685506308474107
13,2024-11-22,MPWR,short,1,-0.35557928160071295
13,2024-11-22,STM,short,2,-0.1325301254707768
13,2024-11-22,MCHP,short,3,-0.11981413715439904
13,2024-11-22,AMD,short,4,-0.1144465858861422
13,2024-11-22,SWKS,short,5,-0.10283594517327344
14,2024-11-29,MRVL,long,1,0.15703414894007883
14,2024-11-29,INTC,long,2,0.11756499653716967
14,2024-11-29,NVDA,long,3,0.041352897466727434
14,2024-11-29,ASML,long,4,0.02090544252018267
14,2024-11-29,ON,long,5,0.008937507474891193
14,2024-11-29,MPWR,short,1,-0.2524167177434078
14,2024-11-29,MCHP,short,2,-0.06447370791374685
14,2024-11-29,STM,short,3,-0.06042739892271576
14,2024-11-29,AMD,short,4,-0.04782407370141961
14,2024-11-29,AVGO,short,5,-0.04529660387732193
15,2024-12-06,MRVL,long,1,0.2083244333098737
15,2024-12-06,ASML,long,2,0.04691299309077723
15,2024-12-06,TSM,long,3,0.009095839243568493
15,2024-12-06,AVGO,long,4,-0.023284932013329485
15,2024-12-06,STM,long,5,-0.02580165312512217
15,2024-12-06,MPWR,short,1,-0.23932886925112107
15,2024-12-06,INTC,short,2,-0.20243993742325705
15,2024-12-06,MCHP,short,3,-0.19695444387841887
15,2024-12-06,TXN,short,4,-0.1123472058633479
15,2024-12-06,MU,short,5,-0.10792701542843286
16,2024-12-13,MRVL,long,1,0.33153250187830774
16,2024-12-13,AVGO,long,2,0.31940366049284874
16,2024-12-13,SWKS,long,3,0.09173126929545306
16,2024-12-13,TSM,long,4,0.06964584395486573
16,2024-12-13,MPWR,long,5,0.05487283905142459
16,2024-12-13,INTC,short,1,-0.18737516601667203
16,2024-12-13,AMAT,short,2,-0.08737485529652034
16,2024-12-13,AMD,short,3,-0.08592619555209147
16,2024-12-13,NVDA,short,4,-0.08517788503992896
16,2024-12-13,MCHP,short,5,-0.08014003225673294
17,2024-12-20,AVGO,long,1,0.34677308680789487
17,2024-12-20,MRVL,long,2,0.20400272174390865
17,2024-12-20,SWKS,long,3,0.05182414703211813
17,2024-12-20,ASML,long,4,0.04986911720573106
17,2024-12-20,MPWR,long,5,0.03624653860145166
17,2024-12-20,INTC,short,1,-0.2013093276916189
17,2024-12-20,MCHP,short,2,-0.15963977945888885
17,2024-12-20,AMD,short,3,-0.13295516530909057
17,2024-12-20,MU,short,4,-0.12300516453465304
17,2024-12-20,NVDA,short,5,-0.08154862318787726
18,2024-12-27,AVGO,long,1,0.5181167872841579
18,2024-12-27,MRVL,long,2,0.26104328948722744
18,2024-12-27,TSM,long,3,0.11634333033836275
18,2024-12-27,MPWR,long,4,0.09363856812218696
18,2024-12-27,ASML,long,5,0.06429732580894676
18,2024-12-27,INTC,short,1,-0.14164906704036184
18,2024-12-27,MCHP,short,2,-0.14041567946675282
18,2024-12-27,MU,short,3,-0.09745410234007545
18,2024-12-27,AMD,short,4,-0.08110688935866395
18,2024-12-27,ON,short,5,-0.06169149157106424
19,2025-01-03,AVGO,long,1,0.36710301195532136
19,2025-01-03,MPWR,long,2,0.06795745334662384
19,2025-01-03,TSM,long,3,0.04276460863832976
19,2025-01-03,SWKS,long,4,0.012420269455094557
19,2025-01-03,MRVL,long,5,0.00025383962434588625
19,2025-01-03,AMD,short,1,-0.1293145498731577
19,2025-01-03,MU,short,2,-0.1280352280626038
19,2025-01-03,MCHP,short,3,-0.06440626927301385
19,2025-01-03,INTC,short,4,-0.06375226215378926
19,2025-01-03,NXPI,short,5,-0.06191887782293548
20,2025-01-10,AVGO,long,1,0.30906828397187325
20,2025-01-10,TSM,long,2,0.08904698094754804
20,2025-01-10,MRVL,long,3,0.07216015998007874
20,2025-01-10,KLAC,long,4,0.0641720466488993
20,2025-01-10,ASML,long,5,0.04783975138376184
20,2025-01-10,ON,short,1,-0.1869158636672894
20,2025-01-10,MCHP,short,2,-0.10868863529249351
20,2025-01-10,AMD,short,3,-0.09159227449431961
20,2025-01-10,STM,short,4,-0.06397784669607642
20,2025-01-10,NXPI,short,5,-0.05134442736207345
21,2025-01-17,KLAC,long,1,0.15665495047309763
21,2025-01-17,AMAT,long,2,0.12745100086611827
21,2025-01-17,MRVL,long,3,0.11201205779893963
21,2025-01-17,NVDA,long,4,0.05613925866475644
21,2025-01-17,TSM,long,5,0.05402168592323742
21,2025-01-17,ON,short,1,-0.1935340597739541
21,2025-01-17,AMD,short,2,-0.028475425165444435
21,2025-01-17,MU,short,3,-0.024977927650145504
21,2025-01-17,STM,short,4,-0.019327414439567203
21,2025-01-17,NXPI,short,5,-0.016710894833082524
22,2025-01-24,KLAC,long,1,0.1571475701119709
22,2025-01-24,MU,long,2,0.15162801368031165
22,2025-01-24,AMAT,long,3,0.11519147473752245
22,2025-01-24,MPWR,long,4,0.10134419511913428
22,2025-01-24,MRVL,long,5,0.0907433687095136
22,2025-01-24,ON,short,1,-0.18205009385312154
22,2025-01-24,MCHP,short,2,-0.025574571887037156
22,2025-01-24,TXN,short,3,-0.02429789206914823
22,2025-01-24,AMD,short,4,-0.014125217959741865
22,2025-01-24,NXPI,short,5,-0.003082884290736221
23,2025-01-31,KLAC,long,1,0.17158622865421003
23,2025-01-31,QCOM,long,2,0.12569966703209468
23,2025-01-31,LRCX,long,3,0.12210996355779247
23,2025-01-31,AMAT,long,4,0.10895886586551384
23,2025-01-31,MU,long,5,0.08412549717081519
23,2025-01-31,ON,short,1,-0.16986517389483746
23,2025-01-31,NVDA,short,2,-0.10589027510595772
23,2025-01-31,STM,short,3,-0.10092103137046693
23,2025-01-31,MCHP,short,4,-0.05318227129687547
23,2025-01-31,AVGO,short,5,-0.0455917677368215
24,2025-02-07,MPWR,long,1,0.15989747955658018
24,2025-02-07,KLAC,long,2,0.08962395812793034
24,2025-02-07,LRCX,long,3,0.06866569722005522
24,2025-02-07,QCOM,long,4,0.0558210480456105
24,2025-02-07,AMAT,long,5,0.017006723657518652
24,2025-02-07,SWKS,short,1,-0.2908343931878661
24,2025-02-07,ON,short,2,-0.12107702292946365
24,2025-02-07,AMD,short,3,-0.11720288253862965
24,2025-02-07,STM,short,4,-0.11115515099256323
24,2025-02-07,MCHP,short,5,-0.07963815294455034
25,2025-02-14,INTC,long,1,0.19979665937633473
25,2025-02-14,MPWR,long,2,0.14794051161600108
25,2025-02-14,QCOM,long,3,0.06690204365641828
25,2025-02-14,NXPI,long,4,0.06348457927058093
25,2025-02-14,LRCX,long,5,0.04455932556079523
25,2025-02-14,SWKS,short,1,-0.2789808012681405
25,2025-02-14,MRVL,short,2,-0.09414870935029196
25,2025-02-14,AMAT,short,3,-0.09266413205209234
25,2025-02-14,TSM,short,4,-0.05070060360652828
25,2025-02-14,AMD,short,5,-0.04508615212100242
26,2025-02-21,INTC,long,1,0.15299031947603714
26,2025-02-21,NXPI,long,2,0.0756776742229226
26,2025-02-21,STM,long,3,0.06979454972059296
26,2025-02-21,LRCX,long,4,0.058968220896694845
26,2025-02-21,ADI,long,5,0.04624484952287067
26,2025-02-21,SWKS,short,1,-0.2735624469625425
26,2025-02-21,MRVL,short,2,-0.1765032214514356
26,2025-02-21,TSM,short,3,-0.11744278504366323
26,2025-02-21,AMD,short,4,-0.09915478289058688
26,2025-02-21,AMAT,short,5,-0.09608748937238709
27,2025-02-28,INTC,long,1,0.18590701003517007
27,2025-02-28,STM,long,2,0.09635880837175659
27,2025-02-28,ADI,long,3,0.08314492102376358
27,2025-02-28,MCHP,long,4,0.0750874436447484
27,2025-02-28,TXN,long,5,0.06568433678206831
27,2025-02-28,SWKS,short,1,-0.24651462431166482
27,2025-02-28,MRVL,short,2,-0.1677693868130734
27,2025-02-28,AMD,short,3,-0.15985192581553198
27,2025-02-28,TSM,short,4,-0.13269276796899354
27,2025-02-28,AMAT,short,5,-0.12814177254319603
28,2025-03-07,STM,long,1,0.16476290728227516
28,2025-03-07,MCHP,long,2,0.13384778219471216
28,2025-03-07,SWKS,long,3,0.11850916416062995
28,2025-03-07,ADI,long,4,0.0914817923498783
28,2025-03-07,INTC,long,5,0.06501549450180666
28,2025-03-07,MRVL,short,1,-0.40590398317905485
28,2025-03-07,TSM,short,2,-0.15866982888809944
28,2025-03-07,AVGO,short,3,-0.15733054456298334
28,2025-03-07,AMAT,short,4,-0.14639728859815848
28,2025-03-07,ON,short,5,-0.13424861337132898
29,2025-03-14,SWKS,long,1,0.05969195466180488
29,2025-03-14,MU,long,2,0.05362739378270409
29,2025-03-14,STM,long,3,0.03973231167902269
29,2025-03-14,ADI,long,4,0.0015202112746810492
29,2025-03-14,INTC,long,5,-0.0033153720053222813
29,2025-03-14,MRVL,short,1,-0.33584551726751444
29,2025-03-14,AVGO,short,2,-0.17073799237934284
29,2025-03-14,AMAT,short,3,-0.15331550582205877
29,2025-03-14,ON,short,4,-0.151806752164234
29,2025-03-14,TSM,short,5,-0.13744240594045298
30,2025-03-21,SWKS,long,1,0.011126130784911537
30,2025-03-21,INTC,long,2,-0.024527566938770007
30,2025-03-21,ASML,long,3,-0.028472272273950106
30,2025-03-21,AMD,long,4,-0.0396968065847928
30,2025-03-21,MU,long,5,-0.04168346192261674
30,2025-03-21,MRVL,short,1,-0.3219343295829765
30,2025-03-21,ON,short,2,-0.19000926184512923
30,2025-03-21,NXPI,short,3,-0.14752580729137144
30,2025-03-21,MCHP,short,4,-0.14674584822394587
30,2025-03-21,ADI,short,5,-0.14072537197093005
31,2025-03-28,AMD,long,1,0.03364711185474656
31,2025-03-28,QCOM,long,2,-0.02307377401337385
31,2025-03-28,SWKS,long,3,-0.03810385939776062
31,2025-03-28,INTC,long,4,-0.04298358522713841
31,2025-03-28,ASML,long,5,-0.04865466878316804
31,2025-03-28,MRVL,short,1,-0.32433029186955953
31,2025-03-28,MCHP,short,2,-0.1726128943045384
31,2025-03-28,AVGO,short,3,-0.14941714846637333
31,2025-03-28,ON,short,4,-0.1298618641748842
31,2025-03-28,NVDA,short,5,-0.1219973263353521
32,2025-04-04,INTC,long,1,-0.03827514687693845
32,2025-04-04,AMD,long,2,-0.1450503018292295
32,2025-04-04,NVDA,long,3,-0.16302537543368034
32,2025-04-04,TSM,long,4,-0.16786016500812717
32,2025-04-04,ASML,long,5,-0.17299446399826923
32,2025-04-04,MCHP,short,1,-0.3940103760990312
32,2025-04-04,MU,short,2,-0.3028800796857062
32,2025-04-04,MRVL,short,3,-0.3022303985286109
32,2025-04-04,STM,short,4,-0.29993669040142146
32,2025-04-04,NXPI,short,5,-0.27389809354610684
33,2025-04-11,KLAC,long,1,-0.060000123205535716
33,2025-04-11,ASML,long,2,-0.06329123672579273
33,2025-04-11,AVGO,long,3,-0.06673542743078731
33,2025-04-11,AMAT,long,4,-0.06886800879064403
33,2025-04-11,AMD,long,5,-0.0749727602585395
33,2025-04-11,MU,short,1,-0.30905288350589233
33,2025-04-11,MCHP,short,2,-0.2764486126750555
33,2025-04-11,MRVL,short,3,-0.22242255368885777
33,2025-04-11,ON,short,4,-0.18777487968334916
33,2025-04-11,SWKS,short,5,-0.18530264995479795
34,2025-04-17,AVGO,long,1,-0.10260299548243779
34,2025-04-17,AMAT,long,2,-0.10959956092166867
34,2025-04-17,KLAC,long,3,-0.11449347157924872
34,2025-04-17,ASML,long,4,-0.12791872883300337
34,2025-04-17,QCOM,long,5,-0.1347895705991463
34,2025-04-17,MU,short,1,-0.33116911749233024
34,2025-04-17,MRVL,short,2,-0.26572931069690175
34,2025-04-17,MCHP,short,3,-0.2439215422985045
34,2025-04-17,INTC,short,4,-0.20993317911086984
34,2025-04-17,ON,short,5,-0.1981481764378693
35,2025-04-25,AVGO,long,1,0.11814643266840918
35,2025-04-25,AMAT,long,2,0.026205600457327005
35,2025-04-25,STM,long,3,0.017482662564313634
35,2025-04-25,NVDA,long,4,-0.0037691000440593925
35,2025-04-25,KLAC,long,5,-0.0077001362266591045
35,2025-04-25,INTC,short,1,-0.15114316152957086
35,2025-04-25,MU,short,2,-0.12369587974452767
35,2025-04-25,TXN,short,3,-0.09902630363097853
35,2025-04-25,ON,short,4,-0.094378368643257
35,2025-04-25,AMD,short,5,-0.09376464938515239
36,2025-05-02,AVGO,long,1,0.3222517832928431
36,2025-05-02,MPWR,long,2,0.27715159435616044
36,2025-05-02,STM,long,3,0.20071694488179315
36,2025-05-02,ON,long,4,0.17857137876520324
36,2025-05-02,MCHP,long,5,0.1768607419549988
36,2025-05-02,INTC,short,1,-0.0806954721942077
36,2025-05-02,QCOM,short,2,0.0027973046852998174
36,2025-05-02,TXN,short,3,0.010435503625363607
36,2025-05-02,AMD,short,4,0.053304902316912095
36,2025-05-02,MU,short,5,0.08582210255899492
37,2025-05-09,MCHP,long,1,0.4256634557733341
37,2025-05-09,MPWR,long,2,0.3157765959994996
37,2025-05-09,SWKS,long,3,0.2669019169928135
37,2025-05-09,STM,long,4,0.26413104119311237
37,2025-05-09,MU,long,5,0.22569555227836902
37,2025-05-09,KLAC,short,1,0.06766549512876074
37,2025-05-09,INTC,short,2,0.07746483805525273
37,2025-05-09,QCOM,short,3,0.08020826348164345
37,2025-05-09,NVDA,short,4,0.08441021008782679
37,2025-05-09,ASML,short,5,0.0905968451330128
38,2025-05-16,MCHP,long,1,0.5873963478170399
38,2025-05-16,MU,long,2,0.42441858590655945
38,2025-05-16,MPWR,long,3,0.3663623730409047
38,2025-05-16,AMD,long,4,0.3390856933593751
38,2025-05-16,AVGO,long,5,0.3369786137044102
38,2025-05-16,QCOM,short,1,0.11590817284102983
38,2025-05-16,INTC,short,2,0.1442155043964739
38,2025-05-16,ASML,short,3,0.17223326384718063
38,2025-05-16,AMAT,short,4,0.20449559692567232
38,2025-05-16,MRVL,short,5,0.23326885207323045
39,2025-05-23,MCHP,long,1,0.20761016682518108
39,2025-05-23,AVGO,long,2,0.18932974421525084
39,2025-05-23,NVDA,long,3,0.18268606990998326
39,2025-05-23,MU,long,4,0.170343372945299
39,2025-05-23,TSM,long,5,0.1628104492963336
39,2025-05-23,QCOM,short,1,-0.0214055040222626
39,2025-05-23,NXPI,short,2,-0.00723337261812429
39,2025-05-23,INTC,short,3,0.0
39,2025-05-23,MRVL,short,4,0.030040751084360995
39,2025-05-23,ON,short,5,0.04138277429843207
40,2025-05-30,MCHP,long,1,0.2720566364439876
40,2025-05-30,AVGO,long,2,0.2267268436065033
40,2025-05-30,MU,long,3,0.21460713553343402
40,2025-05-30,NVDA,long,4,0.21073393502524196
40,2025-05-30,TXN,long,5,0.15537729488856677
40,2025-05-30,INTC,short,1,-0.02152153728866668
40,2025-05-30,MRVL,short,2,-0.012469282518473124
40,2025-05-30,NXPI,short,3,0.051088950693690904
40,2025-05-30,AMAT,short,4,0.055288060621442314
40,2025-05-30,ON,short,5,0.061111163557848736
41,2025-06-06,MCHP,long,1,0.3381146913184354
41,2025-06-06,MU,long,2,0.2749267297479068
41,2025-06-06,ON,long,3,0.26150358540293683
41,2025-06-06,STM,long,4,0.22841100141575965
41,2025-06-06,NVDA,long,5,0.2074635252114383
41,2025-06-06,INTC,short,1,-0.044761930193219834
41,2025-06-06,QCOM,short,2,0.03471037956224099
41,2025-06-06,ASML,short,3,0.0635424153423425
41,2025-06-06,AMAT,short,4,0.07188571230739171
41,2025-06-06,MPWR,short,5,0.07367995833562335
42,2025-06-13,MU,long,1,0.21110520698365232
42,2025-06-13,ON,long,2,0.14600179544397318
42,2025-06-13,STM,long,3,0.1244701388945808
42,2025-06-13,TSM,long,4,0.09088615944742484
42,2025-06-13,MCHP,long,5,0.08945193208471847
42,2025-06-13,INTC,short,1,-0.06542922957450792
42,2025-06-13,MPWR,short,2,-0.05252564053650022
42,2025-06-13,AMAT,short,3,-0.021029577111701947
42,2025-06-13,ADI,short,4,-0.004691076629493751
42,2025-06-13,SWKS,short,5,-0.004204648525006238
43,2025-06-20,MU,long,1,0.28964943061525217
43,2025-06-20,MRVL,long,2,0.222924739773386
43,2025-06-20,ON,long,3,0.2098030206006758
43,2025-06-20,MCHP,long,4,0.17305909501085415
43,2025-06-20,AMD,long,5,0.1443870095223776
43,2025-06-20,QCOM,short,1,0.006073503155101578
43,2025-06-20,MPWR,short,2,0.010727774541110513
43,2025-06-20,NXPI,short,3,0.017774430962462118
43,2025-06-20,INTC,short,4,0.018849655852181568
43,2025-06-20,SWKS,short,5,0.0212341192102119
44,2025-06-27,MU,long,1,0.2888428343476199
44,2025-06-27,AMD,long,2,0.2723170761011695
44,2025-06-27,ON,long,3,0.23265025612397072
44,2025-06-27,MCHP,long,4,0.21304426836186385
44,2025-06-27,MRVL,long,5,0.21073260138131755
44,2025-06-27,ASML,short,1,0.06542898566138478
44,2025-06-27,QCOM,short,2,0.07518105816029141
44,2025-06-27,SWKS,short,3,0.07625910835028904
44,2025-06-27,MPWR,short,4,0.08125212349500477
44,2025-06-27,ADI,short,5,0.10330872791826429
45,2025-07-03,MU,long,1,0.1844067232090103
45,2025-07-03,KLAC,long,2,0.1821913304334195
45,2025-07-03,AMAT,long,3,0.17983089422179965
45,2025-07-03,LRCX,long,4,0.16852515652231492
45,2025-07-03,TSM,long,5,0.1643207788612211
45,2025-07-03,AVGO,short,1,0.05648728451587637
45,2025-07-03,ASML,short,2,0.0696303366188522
45,2025-07-03,MPWR,short,3,0.09428053685682203
45,2025-07-03,QCOM,short,4,0.09483002209501912
45,2025-07-03,SWKS,short,5,0.10617988380545507
46,2025-07-11,AMD,long,1,0.20868415805404972
46,2025-07-11,NVDA,long,2,0.15465919816278406
46,2025-07-11,ON,long,3,0.153534201436059
46,2025-07-11,AMAT,long,4,0.14549456021697127
46,2025-07-11,INTC,long,5,0.13297872144188183
46,2025-07-11,QCOM,short,1,-0.012666059524784168
46,2025-07-11,ASML,short,2,0.022752390205982076
46,2025-07-11,MPWR,short,3,0.023297305444787808
46,2025-07-11,SWKS,short,4,0.03570448317898989
46,2025-07-11,ADI,short,5,0.05220608745962396
47,2025-07-18,AMD,long,1,0.23818916601914997
47,2025-07-18,NVDA,long,2,0.1851114767166291
47,2025-07-18,ON,long,3,0.1618829539013602
47,2025-07-18,AVGO,long,4,0.1303306912413007
47,2025-07-18,TSM,long,5,0.1259954107574417
47,2025-07-18,MU,short,1,-0.060107758002282075
47,2025-07-18,ASML,short,2,-0.03552855287954859
47,2025-07-18,MRVL,short,3,-0.0031871551664114373
47,2025-07-18,QCOM,short,4,0.007615562224385419
47,2025-07-18,SWKS,short,5,0.01605672420491766
48,2025-07-25,AMD,long,1,0.15861643726797992
48,2025-07-25,NVDA,long,2,0.11921048134030388
48,2025-07-25,TSM,long,3,0.09637968905796579
48,2025-07-25,AVGO,long,4,0.0740644318843966
48,2025-07-25,ON,long,5,0.06095054147368617
48,2025-07-25,STM,short,1,-0.12674183218230717
48,2025-07-25,MU,short,2,-0.11615299390199818
48,2025-07-25,ASML,short,3,-0.10880983166631653
48,2025-07-25,TXN,short,4,-0.10333953465409251
48,2025-07-25,INTC,short,5,-0.07999996609157989
49,2025-08-01,AMD,long,1,0.2450148095777085
49,2025-08-01,NVDA,long,2,0.0902473540113089
49,2025-08-01,AVGO,long,3,0.048913540722575366
49,2025-08-01,MPWR,long,4,0.035563580854186094
49,2025-08-01,ON,long,5,0.0038869474670342186
49,2025-08-01,STM,short,1,-0.22390826980011325
49,2025-08-01,TXN,short,2,-0.15671113110686574
49,2025-08-01,MU,short,3,-0.1415592010537864
49,2025-08-01,INTC,short,4,-0.1413961910866519
49,2025-08-01,SWKS,short,5,-0.14055352290022938
50,2025-08-08,AMD,long,1,0.1798934344166463
50,2025-08-08,AVGO,long,2,0.11148769809423276
50,2025-08-08,NVDA,long,3,0.10780993197959576
50,2025-08-08,MPWR,long,4,0.0926962088904566
50,2025-08-08,MRVL,long,5,0.0636772823511289
50,2025-08-08,STM,short,1,-0.22001867112237772
50,2025-08-08,ON,short,2,-0.2020760051452749
50,2025-08-08,MCHP,short,3,-0.17019855379811177
50,2025-08-08,INTC,short,4,-0.14852750733714593
50,2025-08-08,TXN,short,5,-0.14769172267220887
51,2025-08-15,MPWR,long,1,0.13958132729072759
51,2025-08-15,AMD,long,2,0.1307088877996465
51,2025-08-15,AVGO,long,3,0.08117456629638142
51,2025-08-15,INTC,long,4,0.06320342252651368
51,2025-08-15,MU,long,5,0.056648340269752184
51,2025-08-15,STM,short,1,-0.21198159110803805
51,2025-08-15,ON,short,2,-0.1585968523470942
51,2025-08-15,AMAT,short,3,-0.15059871678325942
51,2025-08-15,MCHP,short,4,-0.12128911634369621
51,2025-08-15,TXN,short,5,-0.09529897972456136
52,2025-08-22,INTC,long,1,0.19806755183611324
52,2025-08-22,MPWR,long,2,0.18094801380776127
52,2025-08-22,TXN,long,3,0.12194902010753728
52,2025-08-22,ADI,long,4,0.10701417732084817
52,2025-08-22,SWKS,long,5,0.08052568477297162
52,2025-08-22,AMAT,short,1,-0.12243161688634796
52,2025-08-22,ON,short,2,-0.08907237979481053
52,2025-08-22,TSM,short,3,-0.05134362841230733
52,2025-08-22,KLAC,short,4,-0.033163063353027544
52,2025-08-22,MRVL,short,5,-0.01630498446710149
53,2025-08-29,INTC,long,1,0.26100471542821846
53,2025-08-29,MU,long,2,0.1347253581708967
53,2025-08-29,ADI,long,3,0.13350780780123195
53,2025-08-29,TXN,long,4,0.11953994396222978
53,2025-08-29,NXPI,long,5,0.11875951759938408
53,2025-08-29,MRVL,short,1,-0.1555405951632256
53,2025-08-29,ON,short,2,-0.12724392082133207
53,2025-08-29,AMAT,short,3,-0.10427944977586934
53,2025-08-29,AMD,short,4,-0.052824648961198206
53,2025-08-29,TSM,short,5,-0.01845159312451472
54,2025-09-05,INTC,long,1,0.23874553384246133
54,2025-09-05,MU,long,2,0.1743094449493181
54,2025-09-05,ADI,long,3,0.11172086409074855
54,2025-09-05,SWKS,long,4,0.10725105188852835
54,2025-09-05,AVGO,long,5,0.102482206628987
54,2025-09-05,MRVL,short,1,-0.1650626595468554
54,2025-09-05,AMD,short,2,-0.12331783793218265
54,2025-09-05,AMAT,short,3,-0.10883726322758214
54,2025-09-05,NVDA,short,4,-0.07606347124146917
54,2025-09-05,KLAC,short,5,-0.005482280547794871
55,2025-09-12,MU,long,1,0.2549284431065595
55,2025-09-12,AVGO,long,2,0.15628298715800404
55,2025-09-12,LRCX,long,3,0.08921590873044338
55,2025-09-12,ASML,long,4,0.0776736284773123
55,2025-09-12,TSM,long,5,0.07605791333075396
55,2025-09-12,MRVL,short,1,-0.14789979207586068
55,2025-09-12,AMD,short,2,-0.12368051948862357
55,2025-09-12,AMAT,short,3,-0.10602998616022119
55,2025-09-12,ON,short,4,-0.06509106315142033
55,2025-09-12,TXN,short,5,-0.057353762955558274
56,2025-09-19,MU,long,1,0.40538908841949395
56,2025-09-19,LRCX,long,2,0.2897061398359597
56,2025-09-19,ASML,long,3,0.26754140137392346
56,2025-09-19,INTC,long,4,0.25872340100876823
56,2025-09-19,KLAC,long,5,0.19764104056585485
56,2025-09-19,TXN,short,1,-0.1063225226385982
56,2025-09-19,AMD,short,2,-0.038604893195471446
56,2025-09-19,MCHP,short,3,-0.0075404231729827575
56,2025-09-19,ADI,short,4,-0.00263107746547786
56,2025-09-19,NXPI,short,5,0.005148001399246649
57,2025-09-26,INTC,long,1,0.4239871466279026
57,2025-09-26,MU,long,2,0.2890984674815953
57,2025-09-26,ASML,long,3,0.24632580866329534
57,2025-09-26,LRCX,long,4,0.23530992451388677
57,2025-09-26,AMAT,long,5,0.23385969177900656
57,2025-09-26,TXN,short,1,-0.09574196367032428
57,2025-09-26,AMD,short,2,-0.05409891456951854
57,2025-09-26,NXPI,short,3,-0.05014461407102322
57,2025-09-26,ADI,short,4,-0.022461859915354432
57,2025-09-26,MCHP,short,5,-0.012720420423969592
58,2025-10-03,INTC,long,1,0.503879223163141
58,2025-10-03,MU,long,2,0.43067391620988626
58,2025-10-03,LRCX,long,3,0.41911527563580186
58,2025-10-03,MRVL,long,4,0.3614401395026188
58,2025-10-03,AMAT,long,5,0.3365899227646132
58,2025-10-03,TXN,short,1,-0.040493689525556986
58,2025-10-03,ADI,short,2,-0.020561007840873113
58,2025-10-03,ON,short,3,0.003257989114713755
58,2025-10-03,MCHP,short,4,0.009405404018701713
58,2025-10-03,AVGO,short,5,0.012122521171566758
59,2025-10-10,INTC,long,1,0.5103820202291431
59,2025-10-10,AMD,long,2,0.35523733348319175
59,2025-10-10,MRVL,long,3,0.27196262520389825
59,2025-10-10,AMAT,long,4,0.2511919085999652
59,2025-10-10,MU,long,5,0.15571936694961908
59,2025-10-10,AVGO,short,1,-0.09637869597655857
59,2025-10-10,ADI,short,2,-0.08111424081461838
59,2025-10-10,SWKS,short,3,-0.07117907052860006
59,2025-10-10,MCHP,short,4,-0.06630609474923399
59,2025-10-10,TXN,short,5,-0.05969340211011087
60,2025-10-17,AMD,long,1,0.48090731771350637
60,2025-10-17,INTC,long,2,0.25118317839725846
60,2025-10-17,MU,long,3,0.2444339485840168
60,2025-10-17,MRVL,long,4,0.18513630690659677
60,2025-10-17,AMAT,long,5,0.18353492955734385
60,2025-10-17,SWKS,short,1,-0.045978471327145165
60,2025-10-17,NXPI,short,2,-0.043293928319738106
60,2025-10-17,QCOM,short,3,-0.020377603828146462
60,2025-10-17,TXN,short,4,-0.015554457094204333
60,2025-10-17,ADI,short,5,-0.010027303394900988
61,2025-10-24,AMD,long,1,0.5861030196918369
61,2025-10-24,MU,long,2,0.3935090134612773
61,2025-10-24,MPWR,long,3,0.21323265958818527
61,2025-10-24,LRCX,long,4,0.1819527101165861
61,2025-10-24,AMAT,long,5,0.12176344315790355
61,2025-10-24,STM,short,1,-0.11214290694444295
61,2025-10-24,TXN,short,2,-0.08355474767078108
61,2025-10-24,SWKS,short,3,-0.06879633994951795
61,2025-10-24,ADI,short,4,-0.03857646210300081
61,2025-10-24,NXPI,short,5,-0.03043698236907222
62,2025-10-31,AMD,long,1,0.5553531181461353
62,2025-10-31,MU,long,2,0.19134322003370086
62,2025-10-31,KLAC,long,3,0.09730839547893155
62,2025-10-31,MPWR,long,4,0.09378229156198437
62,2025-10-31,AVGO,long,5,0.09238415271945177
62,2025-10-31,STM,short,1,-0.1500521181847415
62,2025-10-31,TXN,short,2,-0.09659965934956949
62,2025-10-31,NXPI,short,3,-0.08637337041252402
62,2025-10-31,MCHP,short,4,-0.061917654291572144
62,2025-10-31,ADI,short,5,-0.03248067854515657
63,2025-11-07,MU,long,1,0.31013209071240433
63,2025-11-07,KLAC,long,2,0.21431698522906473
63,2025-11-07,LRCX,long,3,0.21298626818906907
63,2025-11-07,QCOM,long,4,0.11263759457712275
63,2025-11-07,AMAT,long,5,0.09583239029439561
63,2025-11-07,STM,short,1,-0.132054549577016
63,2025-11-07,MCHP,short,2,-0.06836614389315865
63,2025-11-07,TXN,short,3,-0.056592623279854926
63,2025-11-07,NXPI,short,4,-0.0039440606836004255
63,2025-11-07,SWKS,short,5,0.006072805559633521
64,2025-11-14,MU,long,1,0.21963620967659758
64,2025-11-14,QCOM,long,2,0.06442333675530532
64,2025-11-14,AMD,long,3,0.05890679431816337
64,2025-11-14,LRCX,long,4,0.047699933103679815
64,2025-11-14,NVDA,long,5,0.037932541208000714
64,2025-11-14,STM,short,1,-0.20205131129245346
64,2025-11-14,MCHP,short,2,-0.17899905866606536
64,2025-11-14,SWKS,short,3,-0.1157726037768998
64,2025-11-14,ON,short,4,-0.1067961306057097
64,2025-11-14,TXN,short,5,-0.08963564724169437
65,2025-11-21,AMAT,long,1,-0.018801792057333788
65,2025-11-21,ADI,long,2,-0.023906520418036536
65,2025-11-21,QCOM,long,3,-0.033384601191876806
65,2025-11-21,AVGO,long,4,-0.039335712589051997
65,2025-11-21,NVDA,long,5,-0.03962190714028224
65,2025-11-21,AMD,short,1,-0.19429068379489678
65,2025-11-21,MCHP,short,2,-0.19423761781330473
65,2025-11-21,MPWR,short,3,-0.18844373352718669
65,2025-11-21,SWKS,short,4,-0.14476203151182299
65,2025-11-21,NXPI,short,5,-0.1268936535080678
66,2025-11-28,ADI,long,1,0.1392872857358638
66,2025-11-28,AMAT,long,2,0.08683919563310072
66,2025-11-28,AVGO,long,3,0.07036409690349754
66,2025-11-28,TXN,long,4,0.05770308997434581
66,2025-11-28,MU,long,5,0.05566720931393254
66,2025-11-28,SWKS,short,1,-0.15740540258702318
66,2025-11-28,MPWR,short,2,-0.1465575513605527
66,2025-11-28,AMD,short,3,-0.14640558034353723
66,2025-11-28,MCHP,short,4,-0.128995031841309
66,2025-11-28,NVDA,short,5,-0.1276061092518771
67,2025-12-05,ADI,long,1,0.20787535793779544
67,2025-12-05,AMAT,long,2,0.14985365728025135
67,2025-12-05,TXN,long,3,0.1311189945736273
67,2025-12-05,ON,long,4,0.12172136340721895
67,2025-12-05,MCHP,long,5,0.11884737970266346
67,2025-12-05,AMD,short,1,-0.0830037693767205
67,2025-12-05,NVDA,short,2,-0.030092822187839152
67,2025-12-05,LRCX,short,3,-0.01990718352393306
67,2025-12-05,SWKS,short,4,-0.007529617196790683
67,2025-12-05,MU,short,5,-0.004657352048019314
68,2025-12-12,MCHP,long,1,0.236744133759329
68,2025-12-12,ADI,long,2,0.18008897602897478
68,2025-12-12,AMAT,long,3,0.16345507693278405
68,2025-12-12,ON,long,4,0.14190728993941581
68,2025-12-12,NXPI,long,5,0.13894752562942214
68,2025-12-12,AMD,short,1,-0.14994356721999158
68,2025-12-12,NVDA,short,2,-0.06331079343063017
68,2025-12-12,MRVL,short,3,-0.03530621552262092
68,2025-12-12,SWKS,short,4,-0.006434032105917309
68,2025-12-12,MU,short,5,0.017683087978403345
69,2025-12-19,MCHP,long,1,0.33609698720946946
69,2025-12-19,MU,long,2,0.3205543925794785
69,2025-12-19,LRCX,long,3,0.23614589814765252
69,2025-12-19,NXPI,long,4,0.23394625001112046
69,2025-12-19,ON,long,5,0.22962131866858404
69,2025-12-19,AVGO,short,1,-0.018626412054439268
69,2025-12-19,NVDA,short,2,0.0019933448602484916
69,2025-12-19,AMD,short,3,0.03596732477260112
69,2025-12-19,TSM,short,4,0.04407224185072356
69,2025-12-19,SWKS,short,5,0.06909087842967487
70,2025-12-26,MU,long,1,0.23681940559203984
70,2025-12-26,MCHP,long,2,0.23530528735934175
70,2025-12-26,STM,long,3,0.1624528315172038
70,2025-12-26,NXPI,long,4,0.15537473371444577
70,2025-12-26,LRCX,long,5,0.14969174614016412
70,2025-12-26,AVGO,short,1,-0.11259962584249505
70,2025-12-26,SWKS,short,2,-0.017294151778839306
70,2025-12-26,INTC,short,3,-0.01657159977163636
70,2025-12-26,MRVL,short,4,-0.015731934079786125
70,2025-12-26,AMD,short,5,0.0035007467362295763
71,2026-01-02,MU,long,1,0.3475718407917492
71,2026-01-02,LRCX,long,2,0.15843516130841273
71,2026-01-02,TSM,long,3,0.08469378746766476
71,2026-01-02,STM,long,4,0.06406094533613405
71,2026-01-02,KLAC,long,5,0.05175975507988362
71,2026-01-02,MRVL,short,1,-0.10788415186658029
71,2026-01-02,INTC,short,2,-0.10009134875269599
71,2026-01-02,AVGO,short,3,-0.08492916327617306
71,2026-01-02,SWKS,short,4,-0.07164481195238082
71,2026-01-02,TXN,short,5,-0.027820340495510743
72,2026-01-09,MU,long,1,0.3091254012022049
72,2026-01-09,LRCX,long,2,0.2977534899162628
72,2026-01-09,ASML,long,3,0.1380839459850991
72,2026-01-09,KLAC,long,4,0.1300255788368454
72,2026-01-09,ON,long,5,0.12813069997827498
72,2026-01-09,AVGO,short,1,-0.16306253765757472
72,2026-01-09,SWKS,short,2,-0.12556311850790935
72,2026-01-09,MRVL,short,3,-0.09938485274243236
72,2026-01-09,AMD,short,4,-0.08242254607045518
72,2026-01-09,QCOM,short,5,-0.024312704151783437
73,2026-01-16,MU,long,1,0.6091546386390303
73,2026-01-16,LRCX,long,2,0.43863727788599016
73,2026-01-16,ASML,long,3,0.3379257179295183
73,2026-01-16,KLAC,long,4,0.3377075148295232
73,2026-01-16,AMAT,long,5,0.3171546779303296
73,2026-01-16,SWKS,short,1,-0.11123077628161371
73,2026-01-16,QCOM,short,2,-0.07496804435761562
73,2026-01-16,MRVL,short,3,-0.014468773175446481
73,2026-01-16,NXPI,short,4,0.062178026175627954
73,2026-01-16,AVGO,short,5,0.08086298963203054
74,2026-01-23,MU,long,1,0.4471766153971355
74,2026-01-23,ASML,long,2,0.30814456038780147
74,2026-01-23,LRCX,long,3,0.24423385320923163
74,2026-01-23,INTC,long,4,0.2398900023864159
74,2026-01-23,AMAT,long,5,0.23882717709385792
74,2026-01-23,QCOM,short,1,-0.10832601248249174
74,2026-01-23,SWKS,short,2,-0.08560803845296738
74,2026-01-23,MRVL,short,3,-0.08430974225732368
74,2026-01-23,AVGO,short,4,-0.08379143438642289
74,2026-01-23,NVDA,short,5,-0.00813914553303785
75,2026-01-30,MU,long,1,0.45362808188767456
75,2026-01-30,LRCX,long,2,0.3638277599304609
75,2026-01-30,ASML,long,3,0.3300804412367617
75,2026-01-30,INTC,long,4,0.2593495745010346
75,2026-01-30,AMAT,long,5,0.25421232840388974
75,2026-01-30,SWKS,short,1,-0.1206434632465947
75,2026-01-30,QCOM,short,2,-0.11376795224047798
75,2026-01-30,MRVL,short,3,-0.07064272842962949
75,2026-01-30,AVGO,short,4,-0.042762165467294166
75,2026-01-30,NVDA,short,5,0.024825733202540334
76,2026-02-06,MPWR,long,1,0.2822778193420372
76,2026-02-06,INTC,long,2,0.2306008124906047
76,2026-02-06,MU,long,3,0.2069292872853663
76,2026-02-06,ASML,long,4,0.1831085708135447
76,2026-02-06,TXN,long,5,0.18272963415788812
76,2026-02-06,QCOM,short,1,-0.24484521010958682
76,2026-02-06,NXPI,short,2,-0.057043171398511006
76,2026-02-06,MRVL,short,3,-0.03729450747258034
76,2026-02-06,AVGO,short,4,0.0013234796773642366
76,2026-02-06,NVDA,short,5,0.0019995031377535444
77,2026-02-13,MU,long,1,0.2228856920907183
77,2026-02-13,TXN,long,2,0.20366009625130843
77,2026-02-13,STM,long,3,0.20035719156117504
77,2026-02-13,ON,long,4,0.1979097635495164
77,2026-02-13,MPWR,long,5,0.16039987741891215
77,2026-02-13,QCOM,short,1,-0.12819879307099324
77,2026-02-13,AMD,short,2,-0.09038255093989978
77,2026-02-13,KLAC,short,3,-0.052318490617062396
77,2026-02-13,AVGO,short,4,-0.05203768680752785
77,2026-02-13,INTC,short,5,-0.03166388222185279
78,2026-02-20,AMAT,long,1,0.17898350612425862
78,2026-02-20,STM,long,2,0.15811213424626147
78,2026-02-20,ADI,long,3,0.1507520632049859
78,2026-02-20,TXN,long,4,0.1342336633335628
78,2026-02-20,TSM,long,5,0.13186923878796408
78,2026-02-20,AMD,short,1,-0.21116936402186381
78,2026-02-20,INTC,short,2,-0.18796021984229683
78,2026-02-20,QCOM,short,3,-0.09455005638910097
78,2026-02-20,MRVL,short,4,-0.043561946128192974
78,2026-02-20,NXPI,short,5,-0.01892291533988133
79,2026-02-27,STM,long,1,0.1743536030900299
79,2026-02-27,ADI,long,2,0.11637894721384057
79,2026-02-27,TSM,long,3,0.10316592328181606
79,2026-02-27,AMAT,long,4,0.09206160188111423
79,2026-02-27,SWKS,long,5,0.08076946567016763
79,2026-02-27,AMD,short,1,-0.2060829069367529
79,2026-02-27,KLAC,short,2,-0.0938908907902457
79,2026-02-27,NVDA,short,3,-0.07958024805399855
79,2026-02-27,QCOM,short,4,-0.0647746763721685
79,2026-02-27,INTC,short,5,-0.06267980367087389
80,2026-03-06,MRVL,long,1,0.2069801511154432
80,2026-03-06,STM,long,2,0.08212567920013814
80,2026-03-06,AMAT,long,3,0.06959107454635771
80,2026-03-06,AVGO,long,4,0.06431351713828604
80,2026-03-06,NVDA,long,5,0.03455903038103281
80,2026-03-06,MCHP,short,1,-0.16515425811578166
80,2026-03-06,TXN,short,2,-0.137289135034513
80,2026-03-06,MPWR,short,3,-0.11490587263855023
80,2026-03-06,INTC,short,4,-0.0999171505351133
80,2026-03-06,ON,short,5,-0.09873216628985193
81,2026-03-13,MRVL,long,1,0.12309858233933779
81,2026-03-13,AMAT,long,2,0.0413105375906857
81,2026-03-13,MU,long,3,0.029374159302061775
81,2026-03-13,INTC,long,4,-0.01527536771654825
81,2026-03-13,KLAC,long,5,-0.02093023010321815
81,2026-03-13,NXPI,short,1,-0.211941078880151
81,2026-03-13,MCHP,short,2,-0.2105333248124588
81,2026-03-13,ON,short,3,-0.1710321178834937
81,2026-03-13,TXN,short,4,-0.14448429262045137
81,2026-03-13,MPWR,short,5,-0.08939988465556592
82,2026-03-20,MRVL,long,1,0.10606433942248583
82,2026-03-20,AMD,long,2,0.005895618139166947
82,2026-03-20,KLAC,long,3,0.0017847513770579138
82,2026-03-20,INTC,long,4,-0.005440981073359441
82,2026-03-20,MU,long,5,-0.01230817418004826
82,2026-03-20,MCHP,short,1,-0.18511817440587375
82,2026-03-20,NXPI,short,2,-0.17608819513524188
82,2026-03-20,TXN,short,3,-0.1480908794542165
82,2026-03-20,ON,short,4,-0.14252643903671136
82,2026-03-20,ADI,short,5,-0.1257109405489788
83,2026-03-27,MRVL,long,1,0.16146402443156194
83,2026-03-27,AMD,long,2,0.008890658406703889
83,2026-03-27,STM,long,3,-0.02907568029468588
83,2026-03-27,KLAC,long,4,-0.053353324058327156
83,2026-03-27,INTC,long,5,-0.05437403001642305
83,2026-03-27,MCHP,short,1,-0.1693461442269335
83,2026-03-27,NXPI,short,2,-0.15133838686345225
83,2026-03-27,MU,short,3,-0.13373907581969624
83,2026-03-27,ADI,short,4,-0.13318906329739655
83,2026-03-27,TSM,short,5,-0.12525846253150097
84,2026-04-02,MRVL,long,1,0.4153013684257252
84,2026-04-02,INTC,long,2,0.09640914541069501
84,2026-04-02,AMD,long,3,0.09049888858329669
84,2026-04-02,KLAC,long,4,0.061202140064725796
84,2026-04-02,MPWR,long,5,0.03921056577369053
84,2026-04-02,MU,short,1,-0.07720983758375233
84,2026-04-02,QCOM,short,2,-0.07445257016656504
84,2026-04-02,NXPI,short,3,-0.07132834730636517
84,2026-04-02,AVGO,short,4,-0.05276962305321353
84,2026-04-02,TSM,short,5,-0.03918110475942138
85,2026-04-10,MRVL,long,1,0.466343392118441
85,2026-04-10,INTC,long,2,0.3785635595163588
85,2026-04-10,MPWR,long,3,0.3121026549544963
85,2026-04-10,LRCX,long,4,0.2585802676239821
85,2026-04-10,AMD,long,5,0.23920292545255295
85,2026-04-10,QCOM,short,1,-0.023560746837389734
85,2026-04-10,SWKS,short,2,0.0210145273547222
85,2026-04-10,NVDA,short,3,0.029977083472531918
85,2026-04-10,MU,short,4,0.038033086378349346
85,2026-04-10,NXPI,short,5,0.07431557449022308
86,2026-04-17,MRVL,long,1,0.5610401810932728
86,2026-04-17,INTC,long,2,0.4833261053989779
86,2026-04-17,ON,long,3,0.40006747941356746
86,2026-04-17,STM,long,4,0.3678613737217371
86,2026-04-17,AMD,long,5,0.35621381036715993
86,2026-04-17,MU,short,1,0.024739908373408115
86,2026-04-17,QCOM,short,2,0.037477079193355634
86,2026-04-17,ASML,short,3,0.06836264175148554
86,2026-04-17,SWKS,short,4,0.08998530965264306
86,2026-04-17,TSM,short,5,0.09359774436158119
87,2026-04-24,INTC,long,1,0.8716554143185229
87,2026-04-24,AMD,long,2,0.7068753509644965
87,2026-04-24,MRVL,long,3,0.6829673012598303
87,2026-04-24,ON,long,4,0.6165599351495186
87,2026-04-24,MPWR,long,5,0.5452649916945924
87,2026-04-24,ASML,short,1,0.09642723216218929
87,2026-04-24,SWKS,short,2,0.12336748447959156
87,2026-04-24,QCOM,short,3,0.14026371761090717
87,2026-04-24,NVDA,short,4,0.2162461044696642
87,2026-04-24,AMAT,short,5,0.23184176865967698
88,2026-05-01,INTC,long,1,0.977371985599859
88,2026-05-01,AMD,long,2,0.6576552117007903
88,2026-05-01,ON,long,3,0.6566972351571685
88,2026-05-01,STM,long,4,0.6244172883574288
88,2026-05-01,MRVL,long,5,0.5407764845579794
88,2026-05-01,ASML,short,1,0.085715457445108
88,2026-05-01,AMAT,short,2,0.11653796136953853
88,2026-05-01,NVDA,short,3,0.11872151466724157
88,2026-05-01,KLAC,short,4,0.13806345583218604
88,2026-05-01,TSM,short,5,0.17292941792849614
89,2026-05-08,INTC,long,1,1.002564861012749
89,2026-05-08,AMD,long,2,0.8576151441119311
89,2026-05-08,MU,long,3,0.7756246220003318
89,2026-05-08,QCOM,long,4,0.7108386358612075
89,2026-05-08,ON,long,5,0.503277416670399
89,2026-05-08,KLAC,short,1,0.07592906482147366
89,2026-05-08,ASML,short,2,0.07929305011431409
89,2026-05-08,AMAT,short,3,0.08998980036322379
89,2026-05-08,TSM,short,4,0.11084724229760212
89,2026-05-08,LRCX,short,5,0.11526202089551107
90,2026-05-15,MU,long,1,0.5924142293463586
90,2026-05-15,INTC,long,2,0.5878831626725023
90,2026-05-15,AMD,long,3,0.523402362829309
90,2026-05-15,QCOM,long,4,0.4793687415356256
90,2026-05-15,STM,long,5,0.3887381172320259
90,2026-05-15,KLAC,short,1,0.007189867434551189
90,2026-05-15,ASML,short,2,0.031024973471130757
90,2026-05-15,AVGO,short,3,0.04587490365929647
90,2026-05-15,MPWR,short,4,0.055620309636725596
90,2026-05-15,LRCX,short,5,0.06397616947772256
91,2026-05-22,QCOM,long,1,0.5999998765322474
91,2026-05-22,MU,long,2,0.5119181999184221
91,2026-05-22,INTC,long,3,0.45190204759673613
91,2026-05-22,AMD,long,4,0.3441534546081184
91,2026-05-22,STM,long,5,0.32474735929540954
91,2026-05-22,MPWR,short,1,-0.025887550416806904
91,2026-05-22,KLAC,short,2,-0.022847493742071956
91,2026-05-22,AVGO,short,3,-0.020389831329517216
91,2026-05-22,ADI,short,4,-0.00625679700450521
91,2026-05-22,TSM,short,5,0.005118569229741299
92,2026-05-29,MU,long,1,0.8775622219761783
92,2026-05-29,AMD,long,2,0.4558943547170746
92,2026-05-29,QCOM,long,3,0.3978171097936005
92,2026-05-29,STM,long,4,0.2569821738510105
92,2026-05-29,MRVL,long,5,0.24129574688134237
92,2026-05-29,MPWR,short,1,-0.02985612071943733
92,2026-05-29,MCHP,short,2,0.02384077467967627
92,2026-05-29,ADI,short,3,0.028812190102020407
92,2026-05-29,TSM,short,4,0.05653188826618183
92,2026-05-29,NVDA,short,5,0.05797465881657349
93,2026-06-05,MRVL,long,1,0.6465846590973585
93,2026-06-05,MU,long,2,0.336173670367403
93,2026-06-05,STM,long,3,0.26511623077025037
93,2026-06-05,ON,long,4,0.16549052206412407
93,2026-06-05,AMD,long,5,0.1418009465783978
93,2026-06-05,MCHP,short,1,-0.12597576062341753
93,2026-06-05,INTC,short,2,-0.09532935883786553
93,2026-06-05,AVGO,short,3,-0.0650329500398743
93,2026-06-05,MPWR,short,4,-0.06022351955049399
93,2026-06-05,NVDA,short,5,-0.02912978860978721
94,2026-06-12,MRVL,long,1,0.5319311534972462
94,2026-06-12,KLAC,long,2,0.3463969234724851
94,2026-06-12,AMAT,long,3,0.28916648643732246
94,2026-06-12,MU,long,4,0.2649450020149946
94,2026-06-12,LRCX,long,5,0.2261741363281058
94,2026-06-12,AVGO,short,1,-0.13124443687346088
94,2026-06-12,NVDA,short,2,-0.1285774940977763
94,2026-06-12,TXN,short,3,-0.022877021502138772
94,2026-06-12,MPWR,short,4,-0.022708027323260827
94,2026-06-12,ADI,short,5,-0.01840628591241289
95,2026-06-18,MRVL,long,1,0.6626336923628244
95,2026-06-18,MU,long,2,0.5491877295456289
95,2026-06-18,AMAT,long,3,0.4475276200216529
95,2026-06-18,KLAC,long,4,0.41877153615970664
95,2026-06-18,LRCX,long,5,0.332856464154619
95,2026-06-18,NVDA,short,1,-0.05609004913154181
95,2026-06-18,SWKS,short,2,-0.01708763686370318
95,2026-06-18,AVGO,short,3,-0.015343739164555559
95,2026-06-18,MPWR,short,4,0.006714835621434823
95,2026-06-18,NXPI,short,5,0.010059695100140376
96,2026-06-26,AMAT,long,1,0.3939692000488608
96,2026-06-26,MRVL,long,2,0.3023970621503278
96,2026-06-26,KLAC,long,3,0.28987410226162
96,2026-06-26,MU,long,4,0.2261023060588785
96,2026-06-26,LRCX,long,5,0.19294664525858285
96,2026-06-26,ON,short,1,-0.2675930840710973
96,2026-06-26,QCOM,short,2,-0.21867108409009928
96,2026-06-26,MPWR,short,3,-0.19584616469487026
96,2026-06-26,SWKS,short,4,-0.16472181622503457
96,2026-06-26,NXPI,short,5,-0.15841198988283633
97,2026-07-02,AMAT,long,1,0.20422545479258614
97,2026-07-02,KLAC,long,2,0.108413187517171
97,2026-07-02,INTC,long,3,0.06778457503067226
97,2026-07-02,ASML,long,4,0.024884746426562243
97,2026-07-02,LRCX,long,5,0.02312283663775716
97,2026-07-02,ON,short,1,-0.3188978853935339
97,2026-07-02,QCOM,short,2,-0.29242441450391765
97,2026-07-02,AVGO,short,3,-0.24666553348689713
97,2026-07-02,MPWR,short,4,-0.23656240468430867
97,2026-07-02,SWKS,short,5,-0.22439872882526246
98,2026-07-10,AMD,long,1,0.233178652022906
98,2026-07-10,AMAT,long,2,0.21224924437389547
98,2026-07-10,TXN,long,3,0.10442882841766399
98,2026-07-10,MU,long,4,0.09818652096138925
98,2026-07-10,LRCX,long,5,0.08942445417093281
98,2026-07-10,SWKS,short,1,-0.14098733416324294
98,2026-07-10,ON,short,2,-0.12898247545290586
98,2026-07-10,MPWR,short,3,-0.0802666830445623
98,2026-07-10,MRVL,short,4,-0.06620144045298826
98,2026-07-10,QCOM,short,5,-0.010669421122873057
99,2026-07-17,NVDA,long,1,-0.00899094254955779
99,2026-07-17,AMD,long,2,-0.032625607517061894
99,2026-07-17,AVGO,long,3,-0.05467830249763439
99,2026-07-17,TXN,long,4,-0.05916265360539441
99,2026-07-17,ASML,long,5,-0.06437948266724358
99,2026-07-17,MRVL,short,1,-0.34818493486821245
99,2026-07-17,ON,short,2,-0.22626634641046184
99,2026-07-17,INTC,short,3,-0.21519403705164153
99,2026-07-17,QCOM,short,4,-0.1934075325412643
99,2026-07-17,MU,short,5,-0.1860728974364556
100,2026-07-24,NVDA,long,1,0.05670782943302921
100,2026-07-24,AVGO,long,2,0.007943864602501183
100,2026-07-24,AMD,long,3,-0.01994103117174273
100,2026-07-24,ASML,long,4,-0.04567182915750123
100,2026-07-24,MPWR,long,5,-0.07123325793484059
100,2026-07-24,STM,short,1,-0.3116986804753822
100,2026-07-24,MRVL,short,2,-0.3092586814383028
100,2026-07-24,INTC,short,3,-0.30518549644409454
100,2026-07-24,ON,short,4,-0.2689068627221055
100,2026-07-24,MU,short,5,-0.24100033652063813
101,2026-07-31,MPWR,long,1,0.10702862335345187
101,2026-07-31,AVGO,long,2,0.0799833141792392
101,2026-07-31,NVDA,long,3,0.030385454567098957
101,2026-07-31,SWKS,long,4,-0.004475744690659256
101,2026-07-31,ADI,long,5,-0.025851052804024
101,2026-07-31,INTC,short,1,-0.250519334508858
101,2026-07-31,MRVL,short,2,-0.2351654122613145
101,2026-07-31,STM,short,3,-0.23350401522708863
101,2026-07-31,KLAC,short,4,-0.2238590591687437
101,2026-07-31,LRCX,short,5,-0.16615922722729637
102,2026-08-07,SWKS,long,1,0.1695926051229273
102,2026-08-07,AVGO,long,2,0.0694802321676804
102,2026-08-07,NVDA,long,3,0.06162305454242989
102,2026-08-07,MPWR,long,4,0.03607496575869695
102,2026-08-07,ADI,long,5,-0.01445725078739113
102,2026-08-07,STM,short,1,-0.21494543530842414
102,2026-08-07,NXPI,short,2,-0.17980565693506878
102,2026-08-07,ON,short,3,-0.15412673047764258
102,2026-08-07,KLAC,short,4,-0.14430719927367575
102,2026-08-07,AMD,short,5,-0.13359269271711416
103,2026-08-14,MRVL,long,1,0.1767013615162134
103,2026-08-14,SWKS,long,2,0.1730413569755871
103,2026-08-14,MU,long,3,0.14454321122923197
103,2026-08-14,NVDA,long,4,0.11020169800583157
103,2026-08-14,INTC,long,5,0.07849325560406073
103,2026-08-14,STM,short,1,-0.12520142258823208
103,2026-08-14,NXPI,short,2,-0.11938615619691872
103,2026-08-14,ON,short,3,-0.053908652127825585
103,2026-08-14,KLAC,short,4,-0.04244418574711073
103,2026-08-14,AMAT,short,5,-0.0424422221655687
104,2026-08-21,MRVL,long,1,0.22040878597684044
104,2026-08-21,SWKS,long,2,0.11509716675885051
104,2026-08-21,MU,long,3,0.04976384872400774
104,2026-08-21,TSM,long,4,0.038521624163633916
104,2026-08-21,NVDA,long,5,0.03809710414972067
104,2026-08-21,NXPI,short,1,-0.16223441635753133
104,2026-08-21,ON,short,2,-0.1451445551028443
104,2026-08-21,KLAC,short,3,-0.1250334607714948
104,2026-08-21,AMD,short,4,-0.093303977522879
104,2026-08-21,AMAT,short,5,-0.08093900383237818
105,2026-08-28,MRVL,long,1,0.1549370757989874
105,2026-08-28,MU,long,2,0.13344586727718366
105,2026-08-28,QCOM,long,3,0.11632001963247207
105,2026-08-28,LRCX,long,4,0.08722953558434932
105,2026-08-28,NVDA,long,5,0.08368619203864425
105,2026-08-28,ON,short,1,-0.1102806020425201
105,2026-08-28,MPWR,short,2,-0.0806084520526299
105,2026-08-28,AVGO,short,3,-0.05263561009717288
105,2026-08-28,AMAT,short,4,-0.04883929423582123
105,2026-08-28,KLAC,short,5,-0.038735386264686866
